preferred_ai,preferred_ai_reason,learning_better_ai,speed_better_ai,comfort_similar,development_complementary,clarity_similar,quality_complementary,hybrid_ideal,blockchain_view_change,ai_learning_rating,would_recommend,hardest_task,ai_potential,suggestions,blockchain_education_view,participant_uuid
Complementary,Bu mod benim seviyeme daha uygundu,Complementary,Similar,9,7,7,8,9,"Kısmen, bazı konular netleşti",7,Evet,Voting System - Basit oylama mekanizması,Blockchain eğitiminde AI çok faydalı,Görsel diyagramlar eklenebilir,AI destekli eğitim gelecek vaat ediyor,participant_001
Complementary,Bu mod benim seviyeme daha uygundu,Complementary,Similar,8,8,9,8,9,"Evet, artık blockchain daha anlaşılır",8,Evet,Auction System - Açık artırma sistemi,Blockchain eğitiminde AI çok faydalı,,AI destekli eğitim gelecek vaat ediyor,participant_002
Hibrit,Bu mod benim seviyeme daha uygundu,Complementary,Similar,9,9,9,8,8,"Evet, artık blockchain daha anlaşılır",10,Evet,Voting System - Basit oylama mekanizması,Blockchain eğitiminde AI çok faydalı,,AI destekli eğitim gelecek vaat ediyor,participant_003
Complementary,Bu mod benim seviyeme daha uygundu,Complementary,Similar,7,9,7,8,9,"Evet, artık blockchain daha anlaşılır",10,Evet,Voting System - Basit oylama mekanizması,Blockchain eğitiminde AI çok faydalı,Daha fazla örnek olabilir,AI destekli eğitim gelecek vaat ediyor,participant_004
Similar,Bu mod benim seviyeme daha uygundu,Complementary,Similar,8,9,8,8,7,"Evet, artık blockchain daha anlaşılır",7,Evet,Escrow Contract - Güvenli ödeme sistemi,Blockchain eğitiminde AI çok faydalı,,AI destekli eğitim gelecek vaat ediyor,participant_005
Complementary,Bu mod benim seviyeme daha uygundu,Complementary,Similar,7,8,9,7,7,"Evet, artık blockchain daha anlaşılır",9,Evet,Voting System - Basit oylama mekanizması,Blockchain eğitiminde AI çok faydalı,Daha interaktif olabilir,AI destekli eğitim gelecek vaat ediyor,participant_006
Complementary,Bu mod benim seviyeme daha uygundu,Complementary,Similar,8,7,8,7,8,"Hayır, zaten bilgim vardı",9,Evet,NFT Minting - ERC721 benzeri NFT,Blockchain eğitiminde AI çok faydalı,Daha fazla örnek olabilir,AI destekli eğitim gelecek vaat ediyor,participant_007
Hibrit,Bu mod benim seviyeme daha uygundu,Complementary,Similar,9,7,9,7,7,"Kısmen, bazı konular netleşti",10,Kısmen,Auction System - Açık artırma sistemi,Blockchain eğitiminde AI çok faydalı,,AI destekli eğitim gelecek vaat ediyor,participant_008
Complementary,Bu mod benim seviyeme daha uygundu,Complementary,Similar,8,7,8,8,9,"Kısmen, bazı konular netleşti",9,Kısmen,NFT Minting - ERC721 benzeri NFT,Blockchain eğitiminde AI çok faydalı,Görsel diyagramlar eklenebilir,AI destekli eğitim gelecek vaat ediyor,participant_009
Complementary,Bu mod benim seviyeme daha uygundu,Complementary,Similar,7,9,7,7,7,"Kısmen, bazı konular netleşti",10,Kısmen,Auction System - Açık artırma sistemi,Blockchain eğitiminde AI çok faydalı,,AI destekli eğitim gelecek vaat ediyor,participant_010
Similar,Bu mod benim seviyeme daha uygundu,Complementary,Similar,8,8,9,8,9,"Evet, artık blockchain daha anlaşılır",7,Evet,Voting System - Basit oylama mekanizması,Blockchain eğitiminde AI çok faydalı,,AI destekli eğitim gelecek vaat ediyor,participant_011
Hibrit,Bu mod benim seviyeme daha uygundu,Complementary,Similar,8,8,7,8,7,"Hayır, zaten bilgim vardı",7,Evet,Escrow Contract - Güvenli ödeme sistemi,Blockchain eğitiminde AI çok faydalı,Daha fazla örnek olabilir,AI destekli eğitim gelecek vaat ediyor,participant_012
Hibrit,Bu mod benim seviyeme daha uygundu,Complementary,Similar,7,7,7,8,8,"Evet, artık blockchain daha anlaşılır",10,Evet,Auction System - Açık artırma sistemi,Blockchain eğitiminde AI çok faydalı,Görsel diyagramlar eklenebilir,AI destekli eğitim gelecek vaat ediyor,participant_013
Complementary,Bu mod benim seviyeme daha uygundu,Complementary,Similar,8,8,8,7,9,"Kısmen, bazı konular netleşti",7,Evet,Voting System - Basit oylama mekanizması,Blockchain eğitiminde AI çok faydalı,Daha interaktif olabilir,AI destekli eğitim gelecek vaat ediyor,participant_014
Complementary,Bu mod benim seviyeme daha uygundu,Complementary,Similar,9,7,7,8,9,"Evet, artık blockchain daha anlaşılır",9,Evet,Token Transfer Contract - ERC20 benzeri basit token,Blockchain eğitiminde AI çok faydalı,Görsel diyagramlar eklenebilir,AI destekli eğitim gelecek vaat ediyor,participant_015
Similar,Bu mod benim seviyeme daha uygundu,Complementary,Similar,8,9,8,8,8,"Kısmen, bazı konular netleşti",10,Kısmen,Staking Contract - Token stake etme,Blockchain eğitiminde AI çok faydalı,,AI destekli eğitim gelecek vaat ediyor,participant_016
Complementary,Bu mod benim seviyeme daha uygundu,Complementary,Similar,8,8,7,7,9,"Evet, artık blockchain daha anlaşılır",9,Evet,Escrow Contract - Güvenli ödeme sistemi,Blockchain eğitiminde AI çok faydalı,Görsel diyagramlar eklenebilir,AI destekli eğitim gelecek vaat ediyor,participant_017
Similar,Bu mod benim seviyeme daha uygundu,Complementary,Similar,9,9,9,8,9,"Hayır, zaten bilgim vardı",8,Kısmen,Auction System - Açık artırma sistemi,Blockchain eğitiminde AI çok faydalı,,AI destekli eğitim gelecek vaat ediyor,participant_018
Hibrit,Bu mod benim seviyeme daha uygundu,Complementary,Similar,9,8,8,7,8,"Kısmen, bazı konular netleşti",9,Evet,Staking Contract - Token stake etme,Blockchain eğitiminde AI çok faydalı,Daha interaktif olabilir,AI destekli eğitim gelecek vaat ediyor,participant_019
Similar,Bu mod benim seviyeme daha uygundu,Complementary,Similar,9,8,7,8,9,"Kısmen, bazı konular netleşti",8,Evet,Auction System - Açık artırma sistemi,Blockchain eğitiminde AI çok faydalı,,AI destekli eğitim gelecek vaat ediyor,participant_020
Complementary,Bu mod benim seviyeme daha uygundu,Complementary,Similar,8,8,9,7,9,"Evet, artık blockchain daha anlaşılır",7,Evet,Staking Contract - Token stake etme,Blockchain eğitiminde AI çok faydalı,Daha interaktif olabilir,AI destekli eğitim gelecek vaat ediyor,participant_021
Complementary,Bu mod benim seviyeme daha uygundu,Complementary,Similar,8,8,9,8,8,"Evet, artık blockchain daha anlaşılır",8,Evet,Voting System - Basit oylama mekanizması,Blockchain eğitiminde AI çok faydalı,Görsel diyagramlar eklenebilir,AI destekli eğitim gelecek vaat ediyor,participant_022
Complementary,Bu mod benim seviyeme daha uygundu,Complementary,Similar,9,8,8,7,7,"Hayır, zaten bilgim vardı",8,Evet,Escrow Contract - Güvenli ödeme sistemi,Blockchain eğitiminde AI çok faydalı,Daha interaktif olabilir,AI destekli eğitim gelecek vaat ediyor,participant_023
Complementary,Bu mod benim seviyeme daha uygundu,Complementary,Similar,7,8,8,7,8,"Evet, artık blockchain daha anlaşılır",9,Kısmen,NFT Minting - ERC721 benzeri NFT,Blockchain eğitiminde AI çok faydalı,Görsel diyagramlar eklenebilir,AI destekli eğitim gelecek vaat ediyor,participant_024
Similar,Bu mod benim seviyeme daha uygundu,Complementary,Similar,9,9,9,7,8,"Kısmen, bazı konular netleşti",9,Evet,Token Transfer Contract - ERC20 benzeri basit token,Blockchain eğitiminde AI çok faydalı,Görsel diyagramlar eklenebilir,AI destekli eğitim gelecek vaat ediyor,participant_025
Complementary,Bu mod benim seviyeme daha uygundu,Complementary,Similar,7,7,7,8,9,"Evet, artık blockchain daha anlaşılır",10,Kısmen,Voting System - Basit oylama mekanizması,Blockchain eğitiminde AI çok faydalı,Görsel diyagramlar eklenebilir,AI destekli eğitim gelecek vaat ediyor,participant_026
Similar,Bu mod benim seviyeme daha uygundu,Complementary,Similar,7,7,9,7,7,"Hayır, zaten bilgim vardı",10,Kısmen,NFT Minting - ERC721 benzeri NFT,Blockchain eğitiminde AI çok faydalı,Görsel diyagramlar eklenebilir,AI destekli eğitim gelecek vaat ediyor,participant_027
Hibrit,Bu mod benim seviyeme daha uygundu,Complementary,Similar,9,8,7,8,7,"Evet, artık blockchain daha anlaşılır",10,Evet,Staking Contract - Token stake etme,Blockchain eğitiminde AI çok faydalı,Daha fazla örnek olabilir,AI destekli eğitim gelecek vaat ediyor,participant_028
Complementary,Bu mod benim seviyeme daha uygundu,Complementary,Similar,8,9,9,8,8,"Evet, artık blockchain daha anlaşılır",9,Evet,Token Transfer Contract - ERC20 benzeri basit token,Blockchain eğitiminde AI çok faydalı,Daha interaktif olabilir,AI destekli eğitim gelecek vaat ediyor,participant_029
Complementary,Bu mod benim seviyeme daha uygundu,Complementary,Similar,7,7,9,7,7,"Evet, artık blockchain daha anlaşılır",7,Evet,Escrow Contract - Güvenli ödeme sistemi,Blockchain eğitiminde AI çok faydalı,Görsel diyagramlar eklenebilir,AI destekli eğitim gelecek vaat ediyor,participant_030
Complementary,Bu mod benim seviyeme daha uygundu,Complementary,Similar,8,9,9,8,7,"Hayır, zaten bilgim vardı",9,Evet,Auction System - Açık artırma sistemi,Blockchain eğitiminde AI çok faydalı,Daha fazla örnek olabilir,AI destekli eğitim gelecek vaat ediyor,participant_031
Complementary,Bu mod benim seviyeme daha uygundu,Complementary,Similar,9,7,7,7,9,"Kısmen, bazı konular netleşti",7,Kısmen,Token Transfer Contract - ERC20 benzeri basit token,Blockchain eğitiminde AI çok faydalı,Daha interaktif olabilir,AI destekli eğitim gelecek vaat ediyor,participant_032
Hibrit,Bu mod benim seviyeme daha uygundu,Complementary,Similar,9,8,9,7,8,"Kısmen, bazı konular netleşti",9,Evet,Auction System - Açık artırma sistemi,Blockchain eğitiminde AI çok faydalı,Daha fazla örnek olabilir,AI destekli eğitim gelecek vaat ediyor,participant_033
Hibrit,Bu mod benim seviyeme daha uygundu,Complementary,Similar,9,9,7,7,7,"Hayır, zaten bilgim vardı",9,Evet,Token Transfer Contract - ERC20 benzeri basit token,Blockchain eğitiminde AI çok faydalı,Daha fazla örnek olabilir,AI destekli eğitim gelecek vaat ediyor,participant_034
Hibrit,Bu mod benim seviyeme daha uygundu,Complementary,Similar,9,9,9,8,8,"Evet, artık blockchain daha anlaşılır",8,Evet,Auction System - Açık artırma sistemi,Blockchain eğitiminde AI çok faydalı,Daha fazla örnek olabilir,AI destekli eğitim gelecek vaat ediyor,participant_035
Complementary,Bu mod benim seviyeme daha uygundu,Complementary,Similar,9,7,8,8,7,"Hayır, zaten bilgim vardı",8,Kısmen,Escrow Contract - Güvenli ödeme sistemi,Blockchain eğitiminde AI çok faydalı,Daha fazla örnek olabilir,AI destekli eğitim gelecek vaat ediyor,participant_036
Similar,Bu mod benim seviyeme daha uygundu,Complementary,Similar,7,9,7,8,9,"Hayır, zaten bilgim vardı",10,Evet,Staking Contract - Token stake etme,Blockchain eğitiminde AI çok faydalı,Daha fazla örnek olabilir,AI destekli eğitim gelecek vaat ediyor,participant_037
Complementary,Bu mod benim seviyeme daha uygundu,Complementary,Similar,7,8,7,7,9,"Evet, artık blockchain daha anlaşılır",8,Evet,Staking Contract - Token stake etme,Blockchain eğitiminde AI çok faydalı,Görsel diyagramlar eklenebilir,AI destekli eğitim gelecek vaat ediyor,participant_038
Complementary,Bu mod benim seviyeme daha uygundu,Complementary,Similar,8,8,7,8,7,"Hayır, zaten bilgim vardı",10,Evet,NFT Minting - ERC721 benzeri NFT,Blockchain eğitiminde AI çok faydalı,Daha fazla örnek olabilir,AI destekli eğitim gelecek vaat ediyor,participant_039
Hibrit,Bu mod benim seviyeme daha uygundu,Complementary,Similar,9,7,8,7,9,"Kısmen, bazı konular netleşti",10,Kısmen,Auction System - Açık artırma sistemi,Blockchain eğitiminde AI çok faydalı,Görsel diyagramlar eklenebilir,AI destekli eğitim gelecek vaat ediyor,participant_040
Similar,Bu mod benim seviyeme daha uygundu,Complementary,Similar,7,9,7,7,8,"Evet, artık blockchain daha anlaşılır",7,Evet,Staking Contract - Token stake etme,Blockchain eğitiminde AI çok faydalı,Görsel diyagramlar eklenebilir,AI destekli eğitim gelecek vaat ediyor,participant_041
Hibrit,Bu mod benim seviyeme daha uygundu,Complementary,Similar,8,8,7,8,8,"Hayır, zaten bilgim vardı",8,Kısmen,Staking Contract - Token stake etme,Blockchain eğitiminde AI çok faydalı,,AI destekli eğitim gelecek vaat ediyor,participant_042
Complementary,Bu mod benim seviyeme daha uygundu,Complementary,Similar,8,7,8,8,8,"Hayır, zaten bilgim vardı",8,Evet,Token Transfer Contract - ERC20 benzeri basit token,Blockchain eğitiminde AI çok faydalı,Görsel diyagramlar eklenebilir,AI destekli eğitim gelecek vaat ediyor,participant_043
Complementary,Bu mod benim seviyeme daha uygundu,Complementary,Similar,8,8,7,8,9,"Evet, artık blockchain daha anlaşılır",9,Evet,Escrow Contract - Güvenli ödeme sistemi,Blockchain eğitiminde AI çok faydalı,Daha interaktif olabilir,AI destekli eğitim gelecek vaat ediyor,participant_044
Hibrit,Bu mod benim seviyeme daha uygundu,Complementary,Similar,7,7,8,8,7,"Kısmen, bazı konular netleşti",9,Evet,Voting System - Basit oylama mekanizması,Blockchain eğitiminde AI çok faydalı,Görsel diyagramlar eklenebilir,AI destekli eğitim gelecek vaat ediyor,participant_045
Hibrit,Bu mod benim seviyeme daha uygundu,Complementary,Similar,7,8,7,7,9,"Kısmen, bazı konular netleşti",7,Evet,Escrow Contract - Güvenli ödeme sistemi,Blockchain eğitiminde AI çok faydalı,Daha fazla örnek olabilir,AI destekli eğitim gelecek vaat ediyor,participant_046
Similar,Bu mod benim seviyeme daha uygundu,Complementary,Similar,9,9,7,8,7,"Kısmen, bazı konular netleşti",8,Evet,Auction System - Açık artırma sistemi,Blockchain eğitiminde AI çok faydalı,Daha fazla örnek olabilir,AI destekli eğitim gelecek vaat ediyor,participant_047
Hibrit,Bu mod benim seviyeme daha uygundu,Complementary,Similar,8,7,7,8,8,"Evet, artık blockchain daha anlaşılır",9,Evet,Voting System - Basit oylama mekanizması,Blockchain eğitiminde AI çok faydalı,,AI destekli eğitim gelecek vaat ediyor,participant_048
Complementary,Bu mod benim seviyeme daha uygundu,Complementary,Similar,7,7,8,8,9,"Kısmen, bazı konular netleşti",7,Evet,Escrow Contract - Güvenli ödeme sistemi,Blockchain eğitiminde AI çok faydalı,Daha interaktif olabilir,AI destekli eğitim gelecek vaat ediyor,participant_049
Similar,Bu mod benim seviyeme daha uygundu,Complementary,Similar,9,9,8,7,8,"Kısmen, bazı konular netleşti",7,Evet,Staking Contract - Token stake etme,Blockchain eğitiminde AI çok faydalı,,AI destekli eğitim gelecek vaat ediyor,participant_050
Similar,Bu mod benim seviyeme daha uygundu,Complementary,Similar,7,8,8,7,8,"Evet, artık blockchain daha anlaşılır",10,Evet,Voting System - Basit oylama mekanizması,Blockchain eğitiminde AI çok faydalı,,AI destekli eğitim gelecek vaat ediyor,participant_051
Complementary,Bu mod benim seviyeme daha uygundu,Complementary,Similar,8,9,9,8,7,"Kısmen, bazı konular netleşti",10,Kısmen,Voting System - Basit oylama mekanizması,Blockchain eğitiminde AI çok faydalı,Görsel diyagramlar eklenebilir,AI destekli eğitim gelecek vaat ediyor,participant_052
Hibrit,Bu mod benim seviyeme daha uygundu,Complementary,Similar,7,7,7,8,9,"Hayır, zaten bilgim vardı",10,Evet,Escrow Contract - Güvenli ödeme sistemi,Blockchain eğitiminde AI çok faydalı,,AI destekli eğitim gelecek vaat ediyor,participant_053
Complementary,Bu mod benim seviyeme daha uygundu,Complementary,Similar,8,7,7,8,8,"Evet, artık blockchain daha anlaşılır",8,Kısmen,Auction System - Açık artırma sistemi,Blockchain eğitiminde AI çok faydalı,Görsel diyagramlar eklenebilir,AI destekli eğitim gelecek vaat ediyor,participant_054
Complementary,Bu mod benim seviyeme daha uygundu,Complementary,Similar,7,7,9,8,8,"Hayır, zaten bilgim vardı",10,Evet,Escrow Contract - Güvenli ödeme sistemi,Blockchain eğitiminde AI çok faydalı,Daha fazla örnek olabilir,AI destekli eğitim gelecek vaat ediyor,participant_055
Hibrit,Bu mod benim seviyeme daha uygundu,Complementary,Similar,7,8,8,7,8,"Hayır, zaten bilgim vardı",8,Evet,NFT Minting - ERC721 benzeri NFT,Blockchain eğitiminde AI çok faydalı,,AI destekli eğitim gelecek vaat ediyor,participant_056
Complementary,Bu mod benim seviyeme daha uygundu,Complementary,Similar,9,9,7,8,9,"Hayır, zaten bilgim vardı",7,Evet,Auction System - Açık artırma sistemi,Blockchain eğitiminde AI çok faydalı,Daha interaktif olabilir,AI destekli eğitim gelecek vaat ediyor,participant_057
Similar,Bu mod benim seviyeme daha uygundu,Complementary,Similar,8,9,7,8,8,"Hayır, zaten bilgim vardı",7,Evet,NFT Minting - ERC721 benzeri NFT,Blockchain eğitiminde AI çok faydalı,,AI destekli eğitim gelecek vaat ediyor,participant_058
Hibrit,Bu mod benim seviyeme daha uygundu,Complementary,Similar,7,9,9,7,8,"Evet, artık blockchain daha anlaşılır",8,Evet,Voting System - Basit oylama mekanizması,Blockchain eğitiminde AI çok faydalı,Görsel diyagramlar eklenebilir,AI destekli eğitim gelecek vaat ediyor,participant_059
Complementary,Bu mod benim seviyeme daha uygundu,Complementary,Similar,7,7,7,7,7,"Evet, artık blockchain daha anlaşılır",7,Evet,Auction System - Açık artırma sistemi,Blockchain eğitiminde AI çok faydalı,Daha interaktif olabilir,AI destekli eğitim gelecek vaat ediyor,participant_060
Complementary,Bu mod benim seviyeme daha uygundu,Complementary,Similar,8,7,7,7,9,"Hayır, zaten bilgim vardı",8,Kısmen,Voting System - Basit oylama mekanizması,Blockchain eğitiminde AI çok faydalı,,AI destekli eğitim gelecek vaat ediyor,participant_061
Hibrit,Bu mod benim seviyeme daha uygundu,Complementary,Similar,7,9,8,8,8,"Evet, artık blockchain daha anlaşılır",10,Evet,Auction System - Açık artırma sistemi,Blockchain eğitiminde AI çok faydalı,Daha interaktif olabilir,AI destekli eğitim gelecek vaat ediyor,participant_062
Hibrit,Bu mod benim seviyeme daha uygundu,Complementary,Similar,8,9,9,7,9,"Evet, artık blockchain daha anlaşılır",9,Kısmen,Staking Contract - Token stake etme,Blockchain eğitiminde AI çok faydalı,,AI destekli eğitim gelecek vaat ediyor,participant_063
Complementary,Bu mod benim seviyeme daha uygundu,Complementary,Similar,9,8,8,7,8,"Hayır, zaten bilgim vardı",9,Evet,Voting System - Basit oylama mekanizması,Blockchain eğitiminde AI çok faydalı,Daha interaktif olabilir,AI destekli eğitim gelecek vaat ediyor,participant_064
Similar,Bu mod benim seviyeme daha uygundu,Complementary,Similar,8,9,7,8,9,"Evet, artık blockchain daha anlaşılır",7,Evet,Token Transfer Contract - ERC20 benzeri basit token,Blockchain eğitiminde AI çok faydalı,Görsel diyagramlar eklenebilir,AI destekli eğitim gelecek vaat ediyor,participant_065
Complementary,Bu mod benim seviyeme daha uygundu,Complementary,Similar,7,7,8,8,7,"Kısmen, bazı konular netleşti",7,Evet,Voting System - Basit oylama mekanizması,Blockchain eğitiminde AI çok faydalı,Daha interaktif olabilir,AI destekli eğitim gelecek vaat ediyor,participant_066
Similar,Bu mod benim seviyeme daha uygundu,Complementary,Similar,7,8,7,8,9,"Kısmen, bazı konular netleşti",9,Evet,NFT Minting - ERC721 benzeri NFT,Blockchain eğitiminde AI çok faydalı,Görsel diyagramlar eklenebilir,AI destekli eğitim gelecek vaat ediyor,participant_067
Complementary,Bu mod benim seviyeme daha uygundu,Complementary,Similar,8,9,7,8,9,"Hayır, zaten bilgim vardı",9,Kısmen,NFT Minting - ERC721 benzeri NFT,Blockchain eğitiminde AI çok faydalı,Daha fazla örnek olabilir,AI destekli eğitim gelecek vaat ediyor,participant_068
Complementary,Bu mod benim seviyeme daha uygundu,Complementary,Similar,7,8,9,8,8,"Kısmen, bazı konular netleşti",8,Evet,Escrow Contract - Güvenli ödeme sistemi,Blockchain eğitiminde AI çok faydalı,Görsel diyagramlar eklenebilir,AI destekli eğitim gelecek vaat ediyor,participant_069
Complementary,Bu mod benim seviyeme daha uygundu,Complementary,Similar,8,8,7,8,7,"Kısmen, bazı konular netleşti",9,Evet,Voting System - Basit oylama mekanizması,Blockchain eğitiminde AI çok faydalı,,AI destekli eğitim gelecek vaat ediyor,participant_070
Complementary,Bu mod benim seviyeme daha uygundu,Complementary,Similar,9,9,9,8,9,"Evet, artık blockchain daha anlaşılır",8,Evet,NFT Minting - ERC721 benzeri NFT,Blockchain eğitiminde AI çok faydalı,,AI destekli eğitim gelecek vaat ediyor,participant_071
Complementary,Bu mod benim seviyeme daha uygundu,Complementary,Similar,9,8,7,8,8,"Evet, artık blockchain daha anlaşılır",10,Kısmen,Auction System - Açık artırma sistemi,Blockchain eğitiminde AI çok faydalı,Daha fazla örnek olabilir,AI destekli eğitim gelecek vaat ediyor,participant_072
Hibrit,Bu mod benim seviyeme daha uygundu,Complementary,Similar,9,8,7,8,7,"Kısmen, bazı konular netleşti",10,Evet,Auction System - Açık artırma sistemi,Blockchain eğitiminde AI çok faydalı,Daha interaktif olabilir,AI destekli eğitim gelecek vaat ediyor,participant_073
Hibrit,Bu mod benim seviyeme daha uygundu,Complementary,Similar,9,8,8,7,8,"Hayır, zaten bilgim vardı",7,Kısmen,Token Transfer Contract - ERC20 benzeri basit token,Blockchain eğitiminde AI çok faydalı,Daha fazla örnek olabilir,AI destekli eğitim gelecek vaat ediyor,participant_074
Hibrit,Bu mod benim seviyeme daha uygundu,Complementary,Similar,7,7,7,8,9,"Hayır, zaten bilgim vardı",7,Evet,NFT Minting - ERC721 benzeri NFT,Blockchain eğitiminde AI çok faydalı,,AI destekli eğitim gelecek vaat ediyor,participant_075
Complementary,Bu mod benim seviyeme daha uygundu,Complementary,Similar,9,8,9,7,9,"Kısmen, bazı konular netleşti",7,Kısmen,Auction System - Açık artırma sistemi,Blockchain eğitiminde AI çok faydalı,Görsel diyagramlar eklenebilir,AI destekli eğitim gelecek vaat ediyor,participant_076
Complementary,Bu mod benim seviyeme daha uygundu,Complementary,Similar,7,9,8,8,8,"Kısmen, bazı konular netleşti",7,Evet,Token Transfer Contract - ERC20 benzeri basit token,Blockchain eğitiminde AI çok faydalı,,AI destekli eğitim gelecek vaat ediyor,participant_077
Complementary,Bu mod benim seviyeme daha uygundu,Complementary,Similar,8,7,8,7,7,"Kısmen, bazı konular netleşti",7,Evet,Staking Contract - Token stake etme,Blockchain eğitiminde AI çok faydalı,Görsel diyagramlar eklenebilir,AI destekli eğitim gelecek vaat ediyor,participant_078
Complementary,Bu mod benim seviyeme daha uygundu,Complementary,Similar,8,8,7,8,8,"Kısmen, bazı konular netleşti",7,Evet,Escrow Contract - Güvenli ödeme sistemi,Blockchain eğitiminde AI çok faydalı,Görsel diyagramlar eklenebilir,AI destekli eğitim gelecek vaat ediyor,participant_079
Complementary,Bu mod benim seviyeme daha uygundu,Complementary,Similar,9,7,9,8,7,"Evet, artık blockchain daha anlaşılır",10,Evet,Auction System - Açık artırma sistemi,Blockchain eğitiminde AI çok faydalı,Daha fazla örnek olabilir,AI destekli eğitim gelecek vaat ediyor,participant_080
Complementary,Bu mod benim seviyeme daha uygundu,Complementary,Similar,8,8,8,7,7,"Evet, artık blockchain daha anlaşılır",9,Evet,Auction System - Açık artırma sistemi,Blockchain eğitiminde AI çok faydalı,Görsel diyagramlar eklenebilir,AI destekli eğitim gelecek vaat ediyor,participant_081
Complementary,Bu mod benim seviyeme daha uygundu,Complementary,Similar,8,7,8,8,7,"Evet, artık blockchain daha anlaşılır",8,Evet,Escrow Contract - Güvenli ödeme sistemi,Blockchain eğitiminde AI çok faydalı,Daha fazla örnek olabilir,AI destekli eğitim gelecek vaat ediyor,participant_082
Complementary,Bu mod benim seviyeme daha uygundu,Complementary,Similar,9,7,7,8,8,"Evet, artık blockchain daha anlaşılır",10,Evet,Token Transfer Contract - ERC20 benzeri basit token,Blockchain eğitiminde AI çok faydalı,,AI destekli eğitim gelecek vaat ediyor,participant_083
Hibrit,Bu mod benim seviyeme daha uygundu,Complementary,Similar,7,8,9,8,9,"Evet, artık blockchain daha anlaşılır",9,Evet,Staking Contract - Token stake etme,Blockchain eğitiminde AI çok faydalı,Görsel diyagramlar eklenebilir,AI destekli eğitim gelecek vaat ediyor,participant_084
Complementary,Bu mod benim seviyeme daha uygundu,Complementary,Similar,8,7,7,8,8,"Kısmen, bazı konular netleşti",10,Evet,Token Transfer Contract - ERC20 benzeri basit token,Blockchain eğitiminde AI çok faydalı,Daha interaktif olabilir,AI destekli eğitim gelecek vaat ediyor,participant_085
Complementary,Bu mod benim seviyeme daha uygundu,Complementary,Similar,7,8,8,7,9,"Hayır, zaten bilgim vardı",9,Kısmen,Auction System - Açık artırma sistemi,Blockchain eğitiminde AI çok faydalı,Daha interaktif olabilir,AI destekli eğitim gelecek vaat ediyor,participant_086
Complementary,Bu mod benim seviyeme daha uygundu,Complementary,Similar,7,8,9,8,7,"Evet, artık blockchain daha anlaşılır",9,Evet,Token Transfer Contract - ERC20 benzeri basit token,Blockchain eğitiminde AI çok faydalı,Daha fazla örnek olabilir,AI destekli eğitim gelecek vaat ediyor,participant_087
Complementary,Bu mod benim seviyeme daha uygundu,Complementary,Similar,7,7,8,8,9,"Hayır, zaten bilgim vardı",8,Kısmen,Token Transfer Contract - ERC20 benzeri basit token,Blockchain eğitiminde AI çok faydalı,Görsel diyagramlar eklenebilir,AI destekli eğitim gelecek vaat ediyor,participant_088
Hibrit,Bu mod benim seviyeme daha uygundu,Complementary,Similar,9,8,9,8,9,"Evet, artık blockchain daha anlaşılır",9,Evet,NFT Minting - ERC721 benzeri NFT,Blockchain eğitiminde AI çok faydalı,Görsel diyagramlar eklenebilir,AI destekli eğitim gelecek vaat ediyor,participant_089
Complementary,Bu mod benim seviyeme daha uygundu,Complementary,Similar,9,7,7,7,9,"Hayır, zaten bilgim vardı",7,Kısmen,Token Transfer Contract - ERC20 benzeri basit token,Blockchain eğitiminde AI çok faydalı,Daha interaktif olabilir,AI destekli eğitim gelecek vaat ediyor,participant_090
Complementary,Bu mod benim seviyeme daha uygundu,Complementary,Similar,8,8,9,8,9,"Evet, artık blockchain daha anlaşılır",10,Evet,Token Transfer Contract - ERC20 benzeri basit token,Blockchain eğitiminde AI çok faydalı,Daha fazla örnek olabilir,AI destekli eğitim gelecek vaat ediyor,participant_091
Hibrit,Bu mod benim seviyeme daha uygundu,Complementary,Similar,7,7,7,7,9,"Evet, artık blockchain daha anlaşılır",8,Evet,Voting System - Basit oylama mekanizması,Blockchain eğitiminde AI çok faydalı,Daha fazla örnek olabilir,AI destekli eğitim gelecek vaat ediyor,participant_092
Complementary,Bu mod benim seviyeme daha uygundu,Complementary,Similar,9,7,7,7,7,"Hayır, zaten bilgim vardı",9,Kısmen,Auction System - Açık artırma sistemi,Blockchain eğitiminde AI çok faydalı,Görsel diyagramlar eklenebilir,AI destekli eğitim gelecek vaat ediyor,participant_093
Similar,Bu mod benim seviyeme daha uygundu,Complementary,Similar,7,9,9,7,7,"Hayır, zaten bilgim vardı",8,Evet,Voting System - Basit oylama mekanizması,Blockchain eğitiminde AI çok faydalı,,AI destekli eğitim gelecek vaat ediyor,participant_094
Hibrit,Bu mod benim seviyeme daha uygundu,Complementary,Similar,7,7,7,8,8,"Kısmen, bazı konular netleşti",9,Evet,Staking Contract - Token stake etme,Blockchain eğitiminde AI çok faydalı,Daha fazla örnek olabilir,AI destekli eğitim gelecek vaat ediyor,participant_095
Similar,Bu mod benim seviyeme daha uygundu,Complementary,Similar,9,9,9,7,9,"Evet, artık blockchain daha anlaşılır",7,Evet,Staking Contract - Token stake etme,Blockchain eğitiminde AI çok faydalı,Daha interaktif olabilir,AI destekli eğitim gelecek vaat ediyor,participant_096
Hibrit,Bu mod benim seviyeme daha uygundu,Complementary,Similar,8,7,9,8,7,"Evet, artık blockchain daha anlaşılır",7,Kısmen,Auction System - Açık artırma sistemi,Blockchain eğitiminde AI çok faydalı,,AI destekli eğitim gelecek vaat ediyor,participant_097
Complementary,Bu mod benim seviyeme daha uygundu,Complementary,Similar,7,7,7,8,7,"Evet, artık blockchain daha anlaşılır",9,Kısmen,Token Transfer Contract - ERC20 benzeri basit token,Blockchain eğitiminde AI çok faydalı,Daha fazla örnek olabilir,AI destekli eğitim gelecek vaat ediyor,participant_098
Similar,Bu mod benim seviyeme daha uygundu,Complementary,Similar,9,8,8,7,9,"Kısmen, bazı konular netleşti",10,Evet,NFT Minting - ERC721 benzeri NFT,Blockchain eğitiminde AI çok faydalı,Görsel diyagramlar eklenebilir,AI destekli eğitim gelecek vaat ediyor,participant_099
Similar,Bu mod benim seviyeme daha uygundu,Complementary,Similar,7,9,7,8,7,"Evet, artık blockchain daha anlaşılır",10,Evet,Staking Contract - Token stake etme,Blockchain eğitiminde AI çok faydalı,Daha interaktif olabilir,AI destekli eğitim gelecek vaat ediyor,participant_100
Complementary,Bu mod benim seviyeme daha uygundu,Complementary,Similar,9,8,7,8,9,"Hayır, zaten bilgim vardı",7,Evet,Staking Contract - Token stake etme,Blockchain eğitiminde AI çok faydalı,Daha interaktif olabilir,AI destekli eğitim gelecek vaat ediyor,participant_101
Complementary,Bu mod benim seviyeme daha uygundu,Complementary,Similar,9,9,9,8,8,"Kısmen, bazı konular netleşti",7,Kısmen,NFT Minting - ERC721 benzeri NFT,Blockchain eğitiminde AI çok faydalı,,AI destekli eğitim gelecek vaat ediyor,participant_102
Similar,Bu mod benim seviyeme daha uygundu,Complementary,Similar,8,9,9,8,9,"Evet, artık blockchain daha anlaşılır",8,Evet,Voting System - Basit oylama mekanizması,Blockchain eğitiminde AI çok faydalı,Görsel diyagramlar eklenebilir,AI destekli eğitim gelecek vaat ediyor,participant_103
Similar,Bu mod benim seviyeme daha uygundu,Complementary,Similar,7,7,9,8,8,"Evet, artık blockchain daha anlaşılır",10,Evet,Voting System - Basit oylama mekanizması,Blockchain eğitiminde AI çok faydalı,,AI destekli eğitim gelecek vaat ediyor,participant_104
Complementary,Bu mod benim seviyeme daha uygundu,Complementary,Similar,8,7,9,8,7,"Kısmen, bazı konular netleşti",7,Evet,Auction System - Açık artırma sistemi,Blockchain eğitiminde AI çok faydalı,Daha interaktif olabilir,AI destekli eğitim gelecek vaat ediyor,participant_105
Complementary,Bu mod benim seviyeme daha uygundu,Complementary,Similar,8,7,8,7,7,"Evet, artık blockchain daha anlaşılır",7,Kısmen,Auction System - Açık artırma sistemi,Blockchain eğitiminde AI çok faydalı,Daha fazla örnek olabilir,AI destekli eğitim gelecek vaat ediyor,participant_106
Complementary,Bu mod benim seviyeme daha uygundu,Complementary,Similar,8,8,7,7,8,"Hayır, zaten bilgim vardı",8,Evet,Escrow Contract - Güvenli ödeme sistemi,Blockchain eğitiminde AI çok faydalı,Daha fazla örnek olabilir,AI destekli eğitim gelecek vaat ediyor,participant_107
Complementary,Bu mod benim seviyeme daha uygundu,Complementary,Similar,9,9,7,7,9,"Evet, artık blockchain daha anlaşılır",9,Kısmen,NFT Minting - ERC721 benzeri NFT,Blockchain eğitiminde AI çok faydalı,Görsel diyagramlar eklenebilir,AI destekli eğitim gelecek vaat ediyor,participant_108
Hibrit,Bu mod benim seviyeme daha uygundu,Complementary,Similar,8,7,7,7,8,"Evet, artık blockchain daha anlaşılır",9,Kısmen,Escrow Contract - Güvenli ödeme sistemi,Blockchain eğitiminde AI çok faydalı,Daha fazla örnek olabilir,AI destekli eğitim gelecek vaat ediyor,participant_109
Hibrit,Bu mod benim seviyeme daha uygundu,Complementary,Similar,7,8,8,7,9,"Hayır, zaten bilgim vardı",10,Evet,Escrow Contract - Güvenli ödeme sistemi,Blockchain eğitiminde AI çok faydalı,Görsel diyagramlar eklenebilir,AI destekli eğitim gelecek vaat ediyor,participant_110
Similar,Bu mod benim seviyeme daha uygundu,Complementary,Similar,7,7,9,8,8,"Evet, artık blockchain daha anlaşılır",8,Kısmen,Auction System - Açık artırma sistemi,Blockchain eğitiminde AI çok faydalı,,AI destekli eğitim gelecek vaat ediyor,participant_111
Similar,Bu mod benim seviyeme daha uygundu,Complementary,Similar,9,7,9,8,9,"Hayır, zaten bilgim vardı",10,Evet,Voting System - Basit oylama mekanizması,Blockchain eğitiminde AI çok faydalı,Daha fazla örnek olabilir,AI destekli eğitim gelecek vaat ediyor,participant_112
Complementary,Bu mod benim seviyeme daha uygundu,Complementary,Similar,7,7,7,7,8,"Hayır, zaten bilgim vardı",7,Kısmen,Escrow Contract - Güvenli ödeme sistemi,Blockchain eğitiminde AI çok faydalı,Daha fazla örnek olabilir,AI destekli eğitim gelecek vaat ediyor,participant_113
Hibrit,Bu mod benim seviyeme daha uygundu,Complementary,Similar,7,8,9,7,7,"Kısmen, bazı konular netleşti",8,Evet,Auction System - Açık artırma sistemi,Blockchain eğitiminde AI çok faydalı,Daha fazla örnek olabilir,AI destekli eğitim gelecek vaat ediyor,participant_114
Complementary,Bu mod benim seviyeme daha uygundu,Complementary,Similar,7,8,9,7,9,"Kısmen, bazı konular netleşti",7,Evet,Voting System - Basit oylama mekanizması,Blockchain eğitiminde AI çok faydalı,Daha fazla örnek olabilir,AI destekli eğitim gelecek vaat ediyor,participant_115
Complementary,Bu mod benim seviyeme daha uygundu,Complementary,Similar,8,7,8,7,8,"Hayır, zaten bilgim vardı",10,Kısmen,Voting System - Basit oylama mekanizması,Blockchain eğitiminde AI çok faydalı,,AI destekli eğitim gelecek vaat ediyor,participant_116
Complementary,Bu mod benim seviyeme daha uygundu,Complementary,Similar,8,9,9,8,9,"Evet, artık blockchain daha anlaşılır",9,Evet,Staking Contract - Token stake etme,Blockchain eğitiminde AI çok faydalı,Daha fazla örnek olabilir,AI destekli eğitim gelecek vaat ediyor,participant_117
Complementary,Bu mod benim seviyeme daha uygundu,Complementary,Similar,8,7,8,7,9,"Evet, artık blockchain daha anlaşılır",9,Evet,Voting System - Basit oylama mekanizması,Blockchain eğitiminde AI çok faydalı,Daha fazla örnek olabilir,AI destekli eğitim gelecek vaat ediyor,participant_118
Hibrit,Bu mod benim seviyeme daha uygundu,Complementary,Similar,7,7,7,8,9,"Hayır, zaten bilgim vardı",8,Kısmen,Token Transfer Contract - ERC20 benzeri basit token,Blockchain eğitiminde AI çok faydalı,Daha interaktif olabilir,AI destekli eğitim gelecek vaat ediyor,participant_119
Complementary,Bu mod benim seviyeme daha uygundu,Complementary,Similar,9,9,7,7,8,"Evet, artık blockchain daha anlaşılır",9,Evet,NFT Minting - ERC721 benzeri NFT,Blockchain eğitiminde AI çok faydalı,Daha fazla örnek olabilir,AI destekli eğitim gelecek vaat ediyor,participant_120
Hibrit,Bu mod benim seviyeme daha uygundu,Complementary,Similar,9,7,9,7,7,"Hayır, zaten bilgim vardı",10,Kısmen,Token Transfer Contract - ERC20 benzeri basit token,Blockchain eğitiminde AI çok faydalı,Daha fazla örnek olabilir,AI destekli eğitim gelecek vaat ediyor,participant_121
Similar,Bu mod benim seviyeme daha uygundu,Complementary,Similar,7,7,7,8,9,"Evet, artık blockchain daha anlaşılır",7,Evet,Escrow Contract - Güvenli ödeme sistemi,Blockchain eğitiminde AI çok faydalı,Görsel diyagramlar eklenebilir,AI destekli eğitim gelecek vaat ediyor,participant_122
Similar,Bu mod benim seviyeme daha uygundu,Complementary,Similar,7,7,9,8,8,"Kısmen, bazı konular netleşti",10,Kısmen,Auction System - Açık artırma sistemi,Blockchain eğitiminde AI çok faydalı,Görsel diyagramlar eklenebilir,AI destekli eğitim gelecek vaat ediyor,participant_123
Similar,Bu mod benim seviyeme daha uygundu,Complementary,Similar,7,7,9,7,8,"Evet, artık blockchain daha anlaşılır",8,Evet,Staking Contract - Token stake etme,Blockchain eğitiminde AI çok faydalı,Görsel diyagramlar eklenebilir,AI destekli eğitim gelecek vaat ediyor,participant_124
Complementary,Bu mod benim seviyeme daha uygundu,Complementary,Similar,8,9,9,8,9,"Hayır, zaten bilgim vardı",7,Evet,Voting System - Basit oylama mekanizması,Blockchain eğitiminde AI çok faydalı,Görsel diyagramlar eklenebilir,AI destekli eğitim gelecek vaat ediyor,participant_125
Similar,Bu mod benim seviyeme daha uygundu,Complementary,Similar,8,7,9,8,8,"Kısmen, bazı konular netleşti",9,Kısmen,Token Transfer Contract - ERC20 benzeri basit token,Blockchain eğitiminde AI çok faydalı,Daha fazla örnek olabilir,AI destekli eğitim gelecek vaat ediyor,participant_126
Hibrit,Bu mod benim seviyeme daha uygundu,Complementary,Similar,8,8,8,7,7,"Hayır, zaten bilgim vardı",9,Evet,Staking Contract - Token stake etme,Blockchain eğitiminde AI çok faydalı,,AI destekli eğitim gelecek vaat ediyor,participant_127
Complementary,Bu mod benim seviyeme daha uygundu,Complementary,Similar,8,7,9,8,9,"Kısmen, bazı konular netleşti",7,Evet,Auction System - Açık artırma sistemi,Blockchain eğitiminde AI çok faydalı,,AI destekli eğitim gelecek vaat ediyor,participant_128
Complementary,Bu mod benim seviyeme daha uygundu,Complementary,Similar,7,9,9,7,7,"Kısmen, bazı konular netleşti",7,Kısmen,Auction System - Açık artırma sistemi,Blockchain eğitiminde AI çok faydalı,,AI destekli eğitim gelecek vaat ediyor,participant_129
Similar,Bu mod benim seviyeme daha uygundu,Complementary,Similar,9,9,8,8,9,"Hayır, zaten bilgim vardı",9,Kısmen,NFT Minting - ERC721 benzeri NFT,Blockchain eğitiminde AI çok faydalı,,AI destekli eğitim gelecek vaat ediyor,participant_130
Hibrit,Bu mod benim seviyeme daha uygundu,Complementary,Similar,9,9,8,8,8,"Kısmen, bazı konular netleşti",10,Evet,Escrow Contract - Güvenli ödeme sistemi,Blockchain eğitiminde AI çok faydalı,,AI destekli eğitim gelecek vaat ediyor,participant_131
Hibrit,Bu mod benim seviyeme daha uygundu,Complementary,Similar,9,9,8,8,7,"Hayır, zaten bilgim vardı",9,Kısmen,Token Transfer Contract - ERC20 benzeri basit token,Blockchain eğitiminde AI çok faydalı,Görsel diyagramlar eklenebilir,AI destekli eğitim gelecek vaat ediyor,participant_132
Hibrit,Bu mod benim seviyeme daha uygundu,Complementary,Similar,7,9,9,8,8,"Kısmen, bazı konular netleşti",7,Evet,Staking Contract - Token stake etme,Blockchain eğitiminde AI çok faydalı,Görsel diyagramlar eklenebilir,AI destekli eğitim gelecek vaat ediyor,participant_133
Hibrit,Bu mod benim seviyeme daha uygundu,Complementary,Similar,8,7,7,7,7,"Hayır, zaten bilgim vardı",8,Evet,Voting System - Basit oylama mekanizması,Blockchain eğitiminde AI çok faydalı,Görsel diyagramlar eklenebilir,AI destekli eğitim gelecek vaat ediyor,participant_134
Complementary,Bu mod benim seviyeme daha uygundu,Complementary,Similar,9,9,9,8,7,"Evet, artık blockchain daha anlaşılır",8,Kısmen,Voting System - Basit oylama mekanizması,Blockchain eğitiminde AI çok faydalı,,AI destekli eğitim gelecek vaat ediyor,participant_135
Hibrit,Bu mod benim seviyeme daha uygundu,Complementary,Similar,8,9,7,7,8,"Evet, artık blockchain daha anlaşılır",10,Kısmen,Token Transfer Contract - ERC20 benzeri basit token,Blockchain eğitiminde AI çok faydalı,Daha interaktif olabilir,AI destekli eğitim gelecek vaat ediyor,participant_136
Complementary,Bu mod benim seviyeme daha uygundu,Complementary,Similar,9,9,9,7,9,"Evet, artık blockchain daha anlaşılır",7,Evet,Staking Contract - Token stake etme,Blockchain eğitiminde AI çok faydalı,,AI destekli eğitim gelecek vaat ediyor,participant_137
Hibrit,Bu mod benim seviyeme daha uygundu,Complementary,Similar,7,8,7,8,7,"Kısmen, bazı konular netleşti",9,Evet,Voting System - Basit oylama mekanizması,Blockchain eğitiminde AI çok faydalı,Daha fazla örnek olabilir,AI destekli eğitim gelecek vaat ediyor,participant_138
Hibrit,Bu mod benim seviyeme daha uygundu,Complementary,Similar,8,7,7,7,8,"Hayır, zaten bilgim vardı",7,Evet,Auction System - Açık artırma sistemi,Blockchain eğitiminde AI çok faydalı,Görsel diyagramlar eklenebilir,AI destekli eğitim gelecek vaat ediyor,participant_139
Similar,Bu mod benim seviyeme daha uygundu,Complementary,Similar,9,8,9,8,7,"Evet, artık blockchain daha anlaşılır",9,Evet,Staking Contract - Token stake etme,Blockchain eğitiminde AI çok faydalı,,AI destekli eğitim gelecek vaat ediyor,participant_140
Hibrit,Bu mod benim seviyeme daha uygundu,Complementary,Similar,7,8,9,8,7,"Evet, artık blockchain daha anlaşılır",10,Evet,Staking Contract - Token stake etme,Blockchain eğitiminde AI çok faydalı,,AI destekli eğitim gelecek vaat ediyor,participant_141
Hibrit,Bu mod benim seviyeme daha uygundu,Complementary,Similar,9,8,9,7,9,"Kısmen, bazı konular netleşti",8,Kısmen,NFT Minting - ERC721 benzeri NFT,Blockchain eğitiminde AI çok faydalı,,AI destekli eğitim gelecek vaat ediyor,participant_142
Similar,Bu mod benim seviyeme daha uygundu,Complementary,Similar,9,9,7,8,9,"Kısmen, bazı konular netleşti",7,Evet,Staking Contract - Token stake etme,Blockchain eğitiminde AI çok faydalı,Görsel diyagramlar eklenebilir,AI destekli eğitim gelecek vaat ediyor,participant_143
Hibrit,Bu mod benim seviyeme daha uygundu,Complementary,Similar,7,8,7,8,8,"Evet, artık blockchain daha anlaşılır",9,Evet,Token Transfer Contract - ERC20 benzeri basit token,Blockchain eğitiminde AI çok faydalı,,AI destekli eğitim gelecek vaat ediyor,participant_144
Complementary,Bu mod benim seviyeme daha uygundu,Complementary,Similar,8,8,9,7,8,"Kısmen, bazı konular netleşti",8,Kısmen,Voting System - Basit oylama mekanizması,Blockchain eğitiminde AI çok faydalı,,AI destekli eğitim gelecek vaat ediyor,participant_145
Hibrit,Bu mod benim seviyeme daha uygundu,Complementary,Similar,8,8,9,7,7,"Kısmen, bazı konular netleşti",9,Evet,Escrow Contract - Güvenli ödeme sistemi,Blockchain eğitiminde AI çok faydalı,Daha interaktif olabilir,AI destekli eğitim gelecek vaat ediyor,participant_146
Complementary,Bu mod benim seviyeme daha uygundu,Complementary,Similar,8,7,9,7,9,"Evet, artık blockchain daha anlaşılır",10,Evet,Escrow Contract - Güvenli ödeme sistemi,Blockchain eğitiminde AI çok faydalı,Daha fazla örnek olabilir,AI destekli eğitim gelecek vaat ediyor,participant_147
Complementary,Bu mod benim seviyeme daha uygundu,Complementary,Similar,9,7,9,8,9,"Kısmen, bazı konular netleşti",9,Evet,Escrow Contract - Güvenli ödeme sistemi,Blockchain eğitiminde AI çok faydalı,Daha fazla örnek olabilir,AI destekli eğitim gelecek vaat ediyor,participant_148
Similar,Bu mod benim seviyeme daha uygundu,Complementary,Similar,8,9,7,7,7,"Kısmen, bazı konular netleşti",9,Kısmen,Staking Contract - Token stake etme,Blockchain eğitiminde AI çok faydalı,,AI destekli eğitim gelecek vaat ediyor,participant_149
Complementary,Bu mod benim seviyeme daha uygundu,Complementary,Similar,8,8,7,8,8,"Evet, artık blockchain daha anlaşılır",8,Evet,Staking Contract - Token stake etme,Blockchain eğitiminde AI çok faydalı,Daha fazla örnek olabilir,AI destekli eğitim gelecek vaat ediyor,participant_150
