learning_ease_score,instructiveness_score,cognitive_load_score,example_quality_score,scaffolding_score,bloom_taxonomy_level,explanation_quality,code_id
6,10,5,6,8,Apply (Uygulama) - Seviye 3,7,1
6,7,1,8,8,Apply (Uygulama) - Seviye 3,6,2
7,5,1,7,7,Apply (Uygulama) - Seviye 3,7,3
4,6,4,6,7,Apply (Uygulama) - Seviye 3,6,4
6,6,7,8,7,Apply (Uygulama) - Seviye 3,6,5
5,7,1,7,7,Apply (Uygulama) - Seviye 3,7,6
6,4,3,9,9,Apply (Uygulama) - Seviye 3,7,7
4,7,3,7,7,Apply (Uygulama) - Seviye 3,8,8
8,5,3,7,8,Apply (Uygulama) - Seviye 3,7,9
6,5,2,8,6,Apply (Uygulama) - Seviye 3,7,10
8,7,3,6,7,Apply (Uygulama) - Seviye 3,7,11
9,2,5,9,7,Apply (Uygulama) - Seviye 3,9,12
7,9,3,8,8,Apply (Uygulama) - Seviye 3,7,13
7,6,5,8,7,Apply (Uygulama) - Seviye 3,6,14
6,6,1,6,7,Apply (Uygulama) - Seviye 3,7,15
6,4,3,8,6,Apply (Uygulama) - Seviye 3,8,16
7,10,4,6,6,Apply (Uygulama) - Seviye 3,8,17
7,7,8,8,7,Apply (Uygulama) - Seviye 3,7,18
8,8,2,7,9,Evaluate (Değerlendirme) - Seviye 5,9,19
10,5,3,7,6,Evaluate (Değerlendirme) - Seviye 5,6,20
7,5,4,6,7,Evaluate (Değerlendirme) - Seviye 5,8,21
6,8,2,8,7,Evaluate (Değerlendirme) - Seviye 5,8,22
7,7,5,7,7,Evaluate (Değerlendirme) - Seviye 5,7,23
7,7,4,7,8,Evaluate (Değerlendirme) - Seviye 5,7,24
7,5,5,7,8,Analyze (Analiz) - Seviye 4,7,25
5,9,4,8,7,Analyze (Analiz) - Seviye 4,8,26
5,5,2,7,8,Analyze (Analiz) - Seviye 4,6,27
8,7,6,8,8,Analyze (Analiz) - Seviye 4,6,28
5,5,4,9,9,Analyze (Analiz) - Seviye 4,8,29
6,5,1,8,8,Analyze (Analiz) - Seviye 4,7,30
7,5,4,6,8,Apply (Uygulama) - Seviye 3,6,31
8,9,5,9,9,Apply (Uygulama) - Seviye 3,7,32
7,8,10,8,6,Apply (Uygulama) - Seviye 3,8,33
8,6,5,9,7,Apply (Uygulama) - Seviye 3,8,34
7,10,1,6,6,Apply (Uygulama) - Seviye 3,8,35
8,7,2,7,8,Apply (Uygulama) - Seviye 3,8,36
5,10,5,6,6,Apply (Uygulama) - Seviye 3,8,37
8,5,4,6,7,Apply (Uygulama) - Seviye 3,7,38
6,6,3,7,7,Apply (Uygulama) - Seviye 3,7,39
8,10,5,8,8,Apply (Uygulama) - Seviye 3,8,40
5,8,5,7,7,Apply (Uygulama) - Seviye 3,8,41
5,6,2,6,7,Apply (Uygulama) - Seviye 3,6,42
4,9,4,7,7,Evaluate (Değerlendirme) - Seviye 5,6,43
6,7,3,8,6,Evaluate (Değerlendirme) - Seviye 5,8,44
4,10,1,7,8,Evaluate (Değerlendirme) - Seviye 5,7,45
6,6,3,8,9,Evaluate (Değerlendirme) - Seviye 5,9,46
5,8,4,9,7,Evaluate (Değerlendirme) - Seviye 5,8,47
6,8,5,7,6,Evaluate (Değerlendirme) - Seviye 5,7,48
6,6,5,9,7,Understand (Anlama) - Seviye 2,7,49
7,8,3,8,7,Understand (Anlama) - Seviye 2,8,50
8,5,7,7,8,Understand (Anlama) - Seviye 2,7,51
8,8,5,6,6,Understand (Anlama) - Seviye 2,7,52
5,9,3,7,7,Understand (Anlama) - Seviye 2,8,53
6,5,4,8,6,Understand (Anlama) - Seviye 2,8,54
4,6,3,7,7,Create (Yaratma) - Seviye 6,5,55
6,7,2,5,6,Create (Yaratma) - Seviye 6,6,56
5,8,6,7,6,Create (Yaratma) - Seviye 6,5,57
6,7,4,5,5,Create (Yaratma) - Seviye 6,6,58
7,9,5,6,8,Create (Yaratma) - Seviye 6,7,59
7,10,2,5,7,Create (Yaratma) - Seviye 6,6,60
7,7,7,7,9,Apply (Uygulama) - Seviye 3,9,61
7,4,7,7,6,Apply (Uygulama) - Seviye 3,7,62
9,7,6,7,7,Apply (Uygulama) - Seviye 3,8,63
7,6,5,7,8,Apply (Uygulama) - Seviye 3,8,64
7,8,2,8,7,Apply (Uygulama) - Seviye 3,6,65
5,10,4,8,9,Apply (Uygulama) - Seviye 3,8,66
8,8,6,7,6,Apply (Uygulama) - Seviye 3,8,67
4,5,1,6,6,Apply (Uygulama) - Seviye 3,7,68
7,10,1,8,6,Apply (Uygulama) - Seviye 3,7,69
7,3,4,8,8,Apply (Uygulama) - Seviye 3,6,70
5,6,2,6,6,Apply (Uygulama) - Seviye 3,8,71
7,6,2,7,9,Apply (Uygulama) - Seviye 3,8,72
7,6,4,8,7,Apply (Uygulama) - Seviye 3,8,73
8,6,3,9,9,Apply (Uygulama) - Seviye 3,9,74
9,10,3,7,6,Apply (Uygulama) - Seviye 3,8,75
9,7,2,8,6,Apply (Uygulama) - Seviye 3,6,76
4,6,2,7,7,Apply (Uygulama) - Seviye 3,6,77
9,7,2,8,9,Apply (Uygulama) - Seviye 3,7,78
4,8,7,7,7,Evaluate (Değerlendirme) - Seviye 5,7,79
6,6,2,6,8,Evaluate (Değerlendirme) - Seviye 5,8,80
7,6,2,6,7,Evaluate (Değerlendirme) - Seviye 5,6,81
5,7,5,7,6,Evaluate (Değerlendirme) - Seviye 5,7,82
8,5,1,7,8,Evaluate (Değerlendirme) - Seviye 5,9,83
5,8,1,6,8,Evaluate (Değerlendirme) - Seviye 5,6,84
6,9,3,8,6,Apply (Uygulama) - Seviye 3,8,85
9,2,2,7,7,Apply (Uygulama) - Seviye 3,7,86
6,7,3,6,6,Apply (Uygulama) - Seviye 3,7,87
6,6,3,6,8,Apply (Uygulama) - Seviye 3,8,88
10,8,3,7,8,Apply (Uygulama) - Seviye 3,7,89
5,3,3,6,8,Apply (Uygulama) - Seviye 3,6,90
3,7,5,8,8,Evaluate (Değerlendirme) - Seviye 5,6,91
6,8,7,8,9,Evaluate (Değerlendirme) - Seviye 5,8,92
5,8,2,7,8,Evaluate (Değerlendirme) - Seviye 5,8,93
7,9,3,7,9,Evaluate (Değerlendirme) - Seviye 5,9,94
7,8,2,8,8,Evaluate (Değerlendirme) - Seviye 5,8,95
10,5,2,8,8,Evaluate (Değerlendirme) - Seviye 5,6,96
5,10,4,7,6,Analyze (Analiz) - Seviye 4,8,97
7,5,4,6,7,Analyze (Analiz) - Seviye 4,6,98
6,5,3,6,8,Analyze (Analiz) - Seviye 4,8,99
9,7,3,8,8,Analyze (Analiz) - Seviye 4,8,100
7,4,2,7,8,Analyze (Analiz) - Seviye 4,7,101
4,6,3,7,6,Analyze (Analiz) - Seviye 4,6,102
9,6,2,9,9,Apply (Uygulama) - Seviye 3,7,103
7,7,3,7,6,Apply (Uygulama) - Seviye 3,6,104
6,6,4,6,6,Apply (Uygulama) - Seviye 3,6,105
8,9,1,6,7,Apply (Uygulama) - Seviye 3,8,106
5,5,7,7,6,Apply (Uygulama) - Seviye 3,8,107
5,6,4,7,7,Apply (Uygulama) - Seviye 3,6,108
7,6,6,8,8,Apply (Uygulama) - Seviye 3,8,109
6,7,2,8,8,Apply (Uygulama) - Seviye 3,8,110
8,6,1,8,7,Apply (Uygulama) - Seviye 3,9,111
10,3,6,6,8,Apply (Uygulama) - Seviye 3,7,112
7,7,5,6,7,Apply (Uygulama) - Seviye 3,8,113
7,7,1,7,6,Apply (Uygulama) - Seviye 3,8,114
7,6,2,8,9,Apply (Uygulama) - Seviye 3,8,115
4,9,4,9,7,Apply (Uygulama) - Seviye 3,8,116
8,3,2,6,8,Apply (Uygulama) - Seviye 3,7,117
5,7,2,8,8,Apply (Uygulama) - Seviye 3,8,118
4,5,5,9,7,Apply (Uygulama) - Seviye 3,8,119
7,5,5,7,7,Apply (Uygulama) - Seviye 3,7,120
5,7,7,6,6,Analyze (Analiz) - Seviye 4,6,121
6,8,5,8,8,Analyze (Analiz) - Seviye 4,6,122
6,7,5,7,7,Analyze (Analiz) - Seviye 4,7,123
8,8,5,9,8,Analyze (Analiz) - Seviye 4,9,124
4,8,4,6,7,Analyze (Analiz) - Seviye 4,8,125
8,7,5,6,6,Analyze (Analiz) - Seviye 4,6,126
6,6,3,7,7,Apply (Uygulama) - Seviye 3,7,127
5,6,3,6,6,Apply (Uygulama) - Seviye 3,6,128
4,7,5,6,8,Apply (Uygulama) - Seviye 3,6,129
9,10,3,6,8,Apply (Uygulama) - Seviye 3,6,130
6,6,3,7,6,Apply (Uygulama) - Seviye 3,7,131
5,7,4,8,9,Apply (Uygulama) - Seviye 3,8,132
8,5,4,8,8,Understand (Anlama) - Seviye 2,7,133
10,6,3,8,7,Understand (Anlama) - Seviye 2,6,134
9,9,3,7,6,Understand (Anlama) - Seviye 2,6,135
8,7,1,6,8,Understand (Anlama) - Seviye 2,6,136
6,7,4,6,6,Understand (Anlama) - Seviye 2,6,137
5,4,3,9,9,Understand (Anlama) - Seviye 2,8,138
9,10,3,6,6,Analyze (Analiz) - Seviye 4,8,139
10,8,3,8,8,Analyze (Analiz) - Seviye 4,8,140
7,9,6,7,7,Analyze (Analiz) - Seviye 4,6,141
7,9,2,8,7,Analyze (Analiz) - Seviye 4,7,142
9,7,4,8,8,Analyze (Analiz) - Seviye 4,7,143
10,6,4,8,8,Analyze (Analiz) - Seviye 4,6,144
7,6,4,7,8,Analyze (Analiz) - Seviye 4,6,145
5,9,1,7,8,Analyze (Analiz) - Seviye 4,7,146
6,6,7,8,8,Analyze (Analiz) - Seviye 4,8,147
6,5,5,9,9,Analyze (Analiz) - Seviye 4,9,148
8,8,4,7,6,Analyze (Analiz) - Seviye 4,7,149
5,7,4,7,8,Analyze (Analiz) - Seviye 4,7,150
8,7,4,7,7,Evaluate (Değerlendirme) - Seviye 5,7,151
9,7,5,7,7,Evaluate (Değerlendirme) - Seviye 5,7,152
10,7,1,6,8,Evaluate (Değerlendirme) - Seviye 5,8,153
5,6,1,8,7,Evaluate (Değerlendirme) - Seviye 5,7,154
8,8,4,9,8,Evaluate (Değerlendirme) - Seviye 5,8,155
5,10,5,7,7,Evaluate (Değerlendirme) - Seviye 5,6,156
5,5,3,6,8,Apply (Uygulama) - Seviye 3,8,157
8,9,5,9,8,Apply (Uygulama) - Seviye 3,8,158
7,8,5,8,8,Apply (Uygulama) - Seviye 3,7,159
7,10,3,7,6,Apply (Uygulama) - Seviye 3,8,160
6,6,4,9,9,Apply (Uygulama) - Seviye 3,8,161
10,10,4,7,7,Apply (Uygulama) - Seviye 3,6,162
4,8,5,9,7,Apply (Uygulama) - Seviye 3,9,163
4,7,5,7,9,Apply (Uygulama) - Seviye 3,8,164
7,6,5,7,7,Apply (Uygulama) - Seviye 3,7,165
9,6,4,6,8,Apply (Uygulama) - Seviye 3,8,166
5,7,6,6,6,Apply (Uygulama) - Seviye 3,8,167
2,9,1,7,7,Apply (Uygulama) - Seviye 3,6,168
7,7,4,7,8,Understand (Anlama) - Seviye 2,8,169
6,4,3,9,8,Understand (Anlama) - Seviye 2,7,170
6,6,7,8,6,Understand (Anlama) - Seviye 2,8,171
7,6,3,6,8,Understand (Anlama) - Seviye 2,8,172
7,8,4,8,6,Understand (Anlama) - Seviye 2,6,173
7,9,1,6,6,Understand (Anlama) - Seviye 2,7,174
5,6,7,8,8,Understand (Anlama) - Seviye 2,6,175
7,7,4,8,7,Understand (Anlama) - Seviye 2,7,176
8,9,6,7,7,Understand (Anlama) - Seviye 2,7,177
5,7,2,8,8,Understand (Anlama) - Seviye 2,7,178
7,10,4,7,8,Understand (Anlama) - Seviye 2,8,179
5,8,5,7,7,Understand (Anlama) - Seviye 2,6,180
7,5,1,7,7,Analyze (Analiz) - Seviye 4,6,181
3,6,2,8,8,Analyze (Analiz) - Seviye 4,9,182
10,9,3,7,7,Analyze (Analiz) - Seviye 4,8,183
4,9,8,8,7,Analyze (Analiz) - Seviye 4,7,184
8,8,4,8,7,Analyze (Analiz) - Seviye 4,7,185
6,4,4,6,6,Analyze (Analiz) - Seviye 4,6,186
4,5,5,8,8,Apply (Uygulama) - Seviye 3,6,187
5,7,2,7,7,Apply (Uygulama) - Seviye 3,8,188
7,7,5,6,8,Apply (Uygulama) - Seviye 3,6,189
6,7,5,6,7,Apply (Uygulama) - Seviye 3,8,190
5,4,6,7,7,Apply (Uygulama) - Seviye 3,6,191
8,6,6,8,7,Apply (Uygulama) - Seviye 3,8,192
7,8,4,9,8,Understand (Anlama) - Seviye 2,7,193
6,9,7,7,9,Understand (Anlama) - Seviye 2,9,194
10,5,6,6,7,Understand (Anlama) - Seviye 2,7,195
9,6,3,8,8,Understand (Anlama) - Seviye 2,8,196
5,7,2,7,7,Understand (Anlama) - Seviye 2,8,197
8,3,4,7,8,Understand (Anlama) - Seviye 2,7,198
7,8,4,6,7,Apply (Uygulama) - Seviye 3,8,199
4,7,2,7,6,Apply (Uygulama) - Seviye 3,6,200
8,5,3,7,8,Apply (Uygulama) - Seviye 3,8,201
7,7,3,8,7,Apply (Uygulama) - Seviye 3,8,202
8,5,2,6,7,Apply (Uygulama) - Seviye 3,6,203
3,7,8,7,6,Apply (Uygulama) - Seviye 3,8,204
6,7,4,9,8,Apply (Uygulama) - Seviye 3,7,205
5,8,2,8,7,Apply (Uygulama) - Seviye 3,7,206
7,7,5,6,7,Apply (Uygulama) - Seviye 3,6,207
4,5,3,6,7,Apply (Uygulama) - Seviye 3,7,208
8,7,4,8,8,Apply (Uygulama) - Seviye 3,8,209
6,5,5,7,8,Apply (Uygulama) - Seviye 3,9,210
6,6,3,6,8,Analyze (Analiz) - Seviye 4,6,211
7,8,6,8,6,Analyze (Analiz) - Seviye 4,6,212
8,4,3,8,9,Analyze (Analiz) - Seviye 4,9,213
8,6,1,9,8,Analyze (Analiz) - Seviye 4,9,214
7,7,5,8,7,Analyze (Analiz) - Seviye 4,8,215
6,7,2,8,7,Analyze (Analiz) - Seviye 4,6,216
4,9,3,8,7,Analyze (Analiz) - Seviye 4,6,217
10,8,3,6,6,Analyze (Analiz) - Seviye 4,8,218
7,9,6,7,7,Analyze (Analiz) - Seviye 4,8,219
5,10,4,7,8,Analyze (Analiz) - Seviye 4,6,220
5,9,3,8,9,Analyze (Analiz) - Seviye 4,7,221
8,9,2,8,6,Analyze (Analiz) - Seviye 4,8,222
8,8,7,8,8,Understand (Anlama) - Seviye 2,7,223
7,10,5,8,6,Understand (Anlama) - Seviye 2,8,224
5,5,1,7,6,Understand (Anlama) - Seviye 2,7,225
6,7,5,7,9,Understand (Anlama) - Seviye 2,9,226
7,6,6,6,7,Understand (Anlama) - Seviye 2,8,227
9,7,2,7,8,Understand (Anlama) - Seviye 2,7,228
7,7,6,9,7,Apply (Uygulama) - Seviye 3,8,229
4,8,4,8,8,Apply (Uygulama) - Seviye 3,7,230
5,6,2,8,6,Apply (Uygulama) - Seviye 3,6,231
7,5,4,7,7,Apply (Uygulama) - Seviye 3,7,232
7,5,5,8,8,Apply (Uygulama) - Seviye 3,8,233
6,8,3,6,7,Apply (Uygulama) - Seviye 3,8,234
4,4,6,6,8,Apply (Uygulama) - Seviye 3,8,235
7,10,7,7,7,Apply (Uygulama) - Seviye 3,8,236
8,8,3,8,8,Apply (Uygulama) - Seviye 3,9,237
6,8,5,8,7,Apply (Uygulama) - Seviye 3,6,238
6,6,1,8,6,Apply (Uygulama) - Seviye 3,8,239
8,5,7,8,7,Apply (Uygulama) - Seviye 3,6,240
8,10,6,7,6,Apply (Uygulama) - Seviye 3,6,241
4,7,3,6,7,Apply (Uygulama) - Seviye 3,8,242
6,5,1,8,8,Apply (Uygulama) - Seviye 3,6,243
6,6,4,6,6,Apply (Uygulama) - Seviye 3,7,244
9,7,3,6,8,Apply (Uygulama) - Seviye 3,8,245
7,8,2,9,8,Apply (Uygulama) - Seviye 3,9,246
8,8,3,8,9,Analyze (Analiz) - Seviye 4,8,247
6,8,2,7,6,Analyze (Analiz) - Seviye 4,8,248
7,4,6,6,6,Analyze (Analiz) - Seviye 4,6,249
9,5,4,7,7,Analyze (Analiz) - Seviye 4,8,250
6,5,4,7,6,Analyze (Analiz) - Seviye 4,7,251
8,3,2,6,8,Analyze (Analiz) - Seviye 4,7,252
9,6,2,6,6,Evaluate (Değerlendirme) - Seviye 5,7,253
9,7,3,7,7,Evaluate (Değerlendirme) - Seviye 5,8,254
6,6,9,6,8,Evaluate (Değerlendirme) - Seviye 5,6,255
9,7,1,6,8,Evaluate (Değerlendirme) - Seviye 5,8,256
8,6,6,7,8,Evaluate (Değerlendirme) - Seviye 5,8,257
5,6,5,8,7,Evaluate (Değerlendirme) - Seviye 5,8,258
5,7,6,9,9,Apply (Uygulama) - Seviye 3,9,259
7,6,5,7,6,Apply (Uygulama) - Seviye 3,7,260
7,7,3,8,7,Apply (Uygulama) - Seviye 3,7,261
9,5,6,7,8,Apply (Uygulama) - Seviye 3,7,262
6,9,4,8,8,Apply (Uygulama) - Seviye 3,7,263
8,6,3,7,8,Apply (Uygulama) - Seviye 3,7,264
9,9,3,8,8,Apply (Uygulama) - Seviye 3,6,265
7,5,6,9,7,Apply (Uygulama) - Seviye 3,8,266
6,8,3,6,6,Apply (Uygulama) - Seviye 3,6,267
10,5,3,8,8,Apply (Uygulama) - Seviye 3,8,268
7,8,5,7,6,Apply (Uygulama) - Seviye 3,7,269
10,7,2,6,6,Apply (Uygulama) - Seviye 3,8,270
6,7,4,6,8,Understand (Anlama) - Seviye 2,7,271
6,8,5,8,8,Understand (Anlama) - Seviye 2,8,272
8,7,7,6,7,Understand (Anlama) - Seviye 2,7,273
6,8,1,6,7,Understand (Anlama) - Seviye 2,8,274
10,7,3,7,9,Understand (Anlama) - Seviye 2,7,275
7,9,5,8,6,Understand (Anlama) - Seviye 2,7,276
3,8,6,8,7,Apply (Uygulama) - Seviye 3,8,277
9,10,5,6,8,Apply (Uygulama) - Seviye 3,7,278
5,10,3,6,6,Apply (Uygulama) - Seviye 3,7,279
9,6,4,6,8,Apply (Uygulama) - Seviye 3,6,280
7,6,3,6,7,Apply (Uygulama) - Seviye 3,7,281
8,7,1,9,9,Apply (Uygulama) - Seviye 3,7,282
7,7,5,8,7,Apply (Uygulama) - Seviye 3,8,283
5,9,4,6,6,Apply (Uygulama) - Seviye 3,6,284
4,4,1,9,7,Apply (Uygulama) - Seviye 3,8,285
8,6,4,6,6,Apply (Uygulama) - Seviye 3,7,286
5,3,3,6,7,Apply (Uygulama) - Seviye 3,7,287
7,6,3,7,8,Apply (Uygulama) - Seviye 3,7,288
7,8,4,8,7,Apply (Uygulama) - Seviye 3,6,289
7,5,4,8,7,Apply (Uygulama) - Seviye 3,8,290
3,6,4,9,7,Apply (Uygulama) - Seviye 3,8,291
5,9,4,6,8,Apply (Uygulama) - Seviye 3,7,292
8,9,3,8,8,Apply (Uygulama) - Seviye 3,8,293
7,7,5,7,7,Apply (Uygulama) - Seviye 3,7,294
9,5,3,9,9,Apply (Uygulama) - Seviye 3,8,295
8,9,6,7,6,Apply (Uygulama) - Seviye 3,6,296
5,9,6,7,6,Apply (Uygulama) - Seviye 3,8,297
7,5,4,9,7,Apply (Uygulama) - Seviye 3,8,298
7,6,4,6,7,Apply (Uygulama) - Seviye 3,6,299
9,8,3,7,6,Apply (Uygulama) - Seviye 3,7,300
7,4,2,7,7,Apply (Uygulama) - Seviye 3,9,301
10,8,5,8,7,Apply (Uygulama) - Seviye 3,7,302
6,6,3,7,7,Apply (Uygulama) - Seviye 3,7,303
7,10,2,8,6,Apply (Uygulama) - Seviye 3,7,304
10,5,4,6,6,Apply (Uygulama) - Seviye 3,8,305
4,7,4,6,8,Apply (Uygulama) - Seviye 3,8,306
6,8,3,8,7,Evaluate (Değerlendirme) - Seviye 5,7,307
7,4,6,7,8,Evaluate (Değerlendirme) - Seviye 5,6,308
9,3,9,6,6,Evaluate (Değerlendirme) - Seviye 5,8,309
7,8,5,8,9,Evaluate (Değerlendirme) - Seviye 5,8,310
6,6,6,8,7,Evaluate (Değerlendirme) - Seviye 5,7,311
7,7,3,7,8,Evaluate (Değerlendirme) - Seviye 5,8,312
4,6,5,7,6,Apply (Uygulama) - Seviye 3,7,313
7,6,4,6,8,Apply (Uygulama) - Seviye 3,7,314
8,7,5,7,8,Apply (Uygulama) - Seviye 3,9,315
5,6,3,7,8,Apply (Uygulama) - Seviye 3,8,316
7,7,2,8,8,Apply (Uygulama) - Seviye 3,7,317
5,5,2,8,6,Apply (Uygulama) - Seviye 3,8,318
4,7,4,8,8,Evaluate (Değerlendirme) - Seviye 5,6,319
7,10,6,6,8,Evaluate (Değerlendirme) - Seviye 5,7,320
5,8,5,6,7,Evaluate (Değerlendirme) - Seviye 5,6,321
6,7,1,6,6,Evaluate (Değerlendirme) - Seviye 5,7,322
7,5,5,7,7,Evaluate (Değerlendirme) - Seviye 5,7,323
7,8,2,6,6,Evaluate (Değerlendirme) - Seviye 5,6,324
8,7,4,7,6,Apply (Uygulama) - Seviye 3,7,325
6,7,3,6,7,Apply (Uygulama) - Seviye 3,7,326
8,9,6,8,8,Apply (Uygulama) - Seviye 3,6,327
6,8,6,7,7,Apply (Uygulama) - Seviye 3,7,328
8,4,1,7,7,Apply (Uygulama) - Seviye 3,8,329
6,6,6,8,6,Apply (Uygulama) - Seviye 3,6,330
6,8,2,7,7,Analyze (Analiz) - Seviye 4,8,331
5,5,6,6,7,Analyze (Analiz) - Seviye 4,6,332
8,6,5,7,6,Analyze (Analiz) - Seviye 4,7,333
5,8,3,9,9,Analyze (Analiz) - Seviye 4,7,334
6,10,5,8,6,Analyze (Analiz) - Seviye 4,8,335
8,5,5,7,7,Analyze (Analiz) - Seviye 4,8,336
8,6,3,8,6,Apply (Uygulama) - Seviye 3,6,337
4,7,4,8,8,Apply (Uygulama) - Seviye 3,9,338
9,4,2,7,7,Apply (Uygulama) - Seviye 3,7,339
9,7,4,7,8,Apply (Uygulama) - Seviye 3,7,340
6,9,5,8,9,Apply (Uygulama) - Seviye 3,8,341
9,10,2,7,6,Apply (Uygulama) - Seviye 3,6,342
6,6,4,8,8,Apply (Uygulama) - Seviye 3,7,343
7,10,4,8,8,Apply (Uygulama) - Seviye 3,6,344
9,3,6,7,7,Apply (Uygulama) - Seviye 3,7,345
8,4,4,8,6,Apply (Uygulama) - Seviye 3,7,346
5,8,4,9,7,Apply (Uygulama) - Seviye 3,7,347
6,8,2,6,8,Apply (Uygulama) - Seviye 3,8,348
7,5,5,9,7,Apply (Uygulama) - Seviye 3,9,349
7,6,4,7,8,Apply (Uygulama) - Seviye 3,7,350
5,8,3,7,8,Apply (Uygulama) - Seviye 3,8,351
6,3,5,8,7,Apply (Uygulama) - Seviye 3,9,352
8,5,5,7,8,Apply (Uygulama) - Seviye 3,7,353
8,7,5,7,7,Apply (Uygulama) - Seviye 3,8,354
4,6,5,8,8,Create (Yaratma) - Seviye 6,8,355
7,5,4,5,6,Create (Yaratma) - Seviye 6,5,356
7,8,4,6,7,Create (Yaratma) - Seviye 6,7,357
9,4,4,5,7,Create (Yaratma) - Seviye 6,6,358
6,6,4,7,6,Create (Yaratma) - Seviye 6,7,359
5,8,4,6,6,Create (Yaratma) - Seviye 6,6,360
7,8,3,7,5,Create (Yaratma) - Seviye 6,7,361
8,7,2,7,6,Create (Yaratma) - Seviye 6,7,362
9,8,1,7,5,Create (Yaratma) - Seviye 6,5,363
7,10,9,5,5,Create (Yaratma) - Seviye 6,7,364
8,6,7,6,6,Create (Yaratma) - Seviye 6,7,365
7,8,3,7,6,Create (Yaratma) - Seviye 6,7,366
9,7,5,6,8,Create (Yaratma) - Seviye 6,8,367
8,6,4,7,7,Create (Yaratma) - Seviye 6,6,368
8,8,4,8,7,Create (Yaratma) - Seviye 6,6,369
7,8,3,5,7,Create (Yaratma) - Seviye 6,5,370
5,8,3,7,7,Create (Yaratma) - Seviye 6,5,371
4,9,4,5,7,Create (Yaratma) - Seviye 6,7,372
4,4,5,8,6,Apply (Uygulama) - Seviye 3,7,373
4,5,6,6,8,Apply (Uygulama) - Seviye 3,7,374
7,9,6,8,6,Apply (Uygulama) - Seviye 3,6,375
7,5,2,6,7,Apply (Uygulama) - Seviye 3,8,376
5,6,2,9,7,Apply (Uygulama) - Seviye 3,8,377
5,4,3,7,6,Apply (Uygulama) - Seviye 3,7,378
7,6,4,9,9,Understand (Anlama) - Seviye 2,9,379
9,4,5,8,8,Understand (Anlama) - Seviye 2,7,380
9,5,2,6,8,Understand (Anlama) - Seviye 2,7,381
7,8,2,8,6,Understand (Anlama) - Seviye 2,8,382
7,4,5,8,6,Understand (Anlama) - Seviye 2,6,383
6,8,2,7,7,Understand (Anlama) - Seviye 2,8,384
8,6,1,7,6,Create (Yaratma) - Seviye 6,6,385
8,6,4,6,6,Create (Yaratma) - Seviye 6,6,386
5,5,2,6,8,Create (Yaratma) - Seviye 6,6,387
9,6,4,8,8,Create (Yaratma) - Seviye 6,7,388
8,8,2,6,6,Create (Yaratma) - Seviye 6,8,389
7,8,3,6,7,Create (Yaratma) - Seviye 6,6,390
8,6,6,8,7,Evaluate (Değerlendirme) - Seviye 5,8,391
10,10,2,6,7,Evaluate (Değerlendirme) - Seviye 5,7,392
7,7,1,7,7,Evaluate (Değerlendirme) - Seviye 5,7,393
9,5,5,6,6,Evaluate (Değerlendirme) - Seviye 5,6,394
7,8,5,6,7,Evaluate (Değerlendirme) - Seviye 5,8,395
5,10,6,7,8,Evaluate (Değerlendirme) - Seviye 5,8,396
6,7,4,7,6,Evaluate (Değerlendirme) - Seviye 5,6,397
5,7,8,8,7,Evaluate (Değerlendirme) - Seviye 5,8,398
7,8,5,7,6,Evaluate (Değerlendirme) - Seviye 5,7,399
5,8,2,7,9,Evaluate (Değerlendirme) - Seviye 5,8,400
8,5,4,6,8,Evaluate (Değerlendirme) - Seviye 5,7,401
6,10,4,6,8,Evaluate (Değerlendirme) - Seviye 5,7,402
3,10,4,7,7,Evaluate (Değerlendirme) - Seviye 5,7,403
7,7,5,6,7,Evaluate (Değerlendirme) - Seviye 5,6,404
7,5,3,8,7,Evaluate (Değerlendirme) - Seviye 5,7,405
6,7,1,6,8,Evaluate (Değerlendirme) - Seviye 5,8,406
5,9,5,7,7,Evaluate (Değerlendirme) - Seviye 5,6,407
7,7,6,7,8,Evaluate (Değerlendirme) - Seviye 5,8,408
6,9,3,7,6,Understand (Anlama) - Seviye 2,6,409
3,6,4,7,7,Understand (Anlama) - Seviye 2,7,410
8,6,2,7,6,Understand (Anlama) - Seviye 2,8,411
3,8,6,6,6,Understand (Anlama) - Seviye 2,8,412
7,8,5,8,8,Understand (Anlama) - Seviye 2,7,413
9,8,5,7,9,Understand (Anlama) - Seviye 2,8,414
8,6,3,9,7,Evaluate (Değerlendirme) - Seviye 5,8,415
7,10,5,7,9,Evaluate (Değerlendirme) - Seviye 5,9,416
7,10,3,6,6,Evaluate (Değerlendirme) - Seviye 5,8,417
5,6,1,8,7,Evaluate (Değerlendirme) - Seviye 5,6,418
9,8,5,8,6,Evaluate (Değerlendirme) - Seviye 5,7,419
8,7,5,6,8,Evaluate (Değerlendirme) - Seviye 5,8,420
4,8,2,6,7,Understand (Anlama) - Seviye 2,6,421
8,7,3,7,6,Understand (Anlama) - Seviye 2,6,422
4,7,3,7,6,Understand (Anlama) - Seviye 2,7,423
8,7,4,8,6,Understand (Anlama) - Seviye 2,8,424
8,5,3,8,7,Understand (Anlama) - Seviye 2,7,425
9,9,2,8,7,Understand (Anlama) - Seviye 2,8,426
8,7,5,6,7,Create (Yaratma) - Seviye 6,7,427
9,5,6,7,7,Create (Yaratma) - Seviye 6,7,428
3,8,5,6,6,Create (Yaratma) - Seviye 6,7,429
6,5,6,8,6,Create (Yaratma) - Seviye 6,8,430
9,5,3,6,6,Create (Yaratma) - Seviye 6,5,431
5,10,3,6,7,Create (Yaratma) - Seviye 6,5,432
7,7,5,8,8,Evaluate (Değerlendirme) - Seviye 5,8,433
5,7,3,7,8,Evaluate (Değerlendirme) - Seviye 5,8,434
6,7,3,8,8,Evaluate (Değerlendirme) - Seviye 5,8,435
8,8,2,9,8,Evaluate (Değerlendirme) - Seviye 5,8,436
8,7,4,7,7,Evaluate (Değerlendirme) - Seviye 5,6,437
5,6,1,8,8,Evaluate (Değerlendirme) - Seviye 5,8,438
7,8,3,7,7,Create (Yaratma) - Seviye 6,6,439
6,5,2,7,5,Create (Yaratma) - Seviye 6,5,440
6,6,2,7,5,Create (Yaratma) - Seviye 6,5,441
4,6,4,5,7,Create (Yaratma) - Seviye 6,6,442
5,7,1,6,8,Create (Yaratma) - Seviye 6,8,443
6,7,3,5,6,Create (Yaratma) - Seviye 6,5,444
7,8,1,7,7,Understand (Anlama) - Seviye 2,6,445
4,7,6,8,6,Understand (Anlama) - Seviye 2,6,446
6,4,2,8,7,Understand (Anlama) - Seviye 2,9,447
6,10,6,6,6,Understand (Anlama) - Seviye 2,6,448
4,9,2,7,7,Understand (Anlama) - Seviye 2,7,449
5,6,3,8,8,Understand (Anlama) - Seviye 2,8,450
6,6,3,7,7,Analyze (Analiz) - Seviye 4,8,451
7,5,5,8,8,Analyze (Analiz) - Seviye 4,6,452
5,8,6,8,7,Analyze (Analiz) - Seviye 4,6,453
6,7,2,7,7,Analyze (Analiz) - Seviye 4,8,454
6,3,1,6,6,Analyze (Analiz) - Seviye 4,8,455
6,6,6,6,8,Analyze (Analiz) - Seviye 4,7,456
7,8,10,7,6,Evaluate (Değerlendirme) - Seviye 5,7,457
7,7,3,8,8,Evaluate (Değerlendirme) - Seviye 5,7,458
8,6,2,7,8,Evaluate (Değerlendirme) - Seviye 5,8,459
7,5,5,7,9,Evaluate (Değerlendirme) - Seviye 5,8,460
8,7,6,6,7,Evaluate (Değerlendirme) - Seviye 5,7,461
6,7,4,7,8,Evaluate (Değerlendirme) - Seviye 5,7,462
6,5,5,6,6,Evaluate (Değerlendirme) - Seviye 5,6,463
6,4,3,7,7,Evaluate (Değerlendirme) - Seviye 5,9,464
6,7,2,6,7,Evaluate (Değerlendirme) - Seviye 5,7,465
4,9,5,7,7,Evaluate (Değerlendirme) - Seviye 5,7,466
10,8,3,7,8,Evaluate (Değerlendirme) - Seviye 5,8,467
6,6,2,8,9,Evaluate (Değerlendirme) - Seviye 5,7,468
7,3,4,8,8,Analyze (Analiz) - Seviye 4,6,469
7,9,2,7,9,Analyze (Analiz) - Seviye 4,9,470
9,8,4,6,8,Analyze (Analiz) - Seviye 4,8,471
7,5,8,7,9,Analyze (Analiz) - Seviye 4,7,472
6,5,4,6,6,Analyze (Analiz) - Seviye 4,8,473
6,3,2,9,7,Analyze (Analiz) - Seviye 4,8,474
4,9,3,7,7,Evaluate (Değerlendirme) - Seviye 5,6,475
4,6,5,7,7,Evaluate (Değerlendirme) - Seviye 5,7,476
8,9,3,7,7,Evaluate (Değerlendirme) - Seviye 5,8,477
6,7,4,6,8,Evaluate (Değerlendirme) - Seviye 5,6,478
5,8,2,9,9,Evaluate (Değerlendirme) - Seviye 5,8,479
7,5,3,6,7,Evaluate (Değerlendirme) - Seviye 5,6,480
3,9,3,7,9,Apply (Uygulama) - Seviye 3,9,481
5,6,2,7,6,Apply (Uygulama) - Seviye 3,6,482
7,5,3,8,8,Apply (Uygulama) - Seviye 3,8,483
6,4,4,6,6,Apply (Uygulama) - Seviye 3,6,484
8,5,6,8,8,Apply (Uygulama) - Seviye 3,7,485
10,8,5,6,7,Apply (Uygulama) - Seviye 3,6,486
5,6,4,6,6,Apply (Uygulama) - Seviye 3,8,487
7,4,5,6,6,Apply (Uygulama) - Seviye 3,6,488
9,9,5,6,6,Apply (Uygulama) - Seviye 3,6,489
8,10,5,8,6,Apply (Uygulama) - Seviye 3,8,490
8,8,1,9,8,Apply (Uygulama) - Seviye 3,7,491
5,8,4,7,8,Apply (Uygulama) - Seviye 3,6,492
6,8,3,8,8,Evaluate (Değerlendirme) - Seviye 5,8,493
9,7,3,6,7,Evaluate (Değerlendirme) - Seviye 5,8,494
9,7,4,6,7,Evaluate (Değerlendirme) - Seviye 5,8,495
6,8,1,7,7,Evaluate (Değerlendirme) - Seviye 5,8,496
7,6,3,8,6,Evaluate (Değerlendirme) - Seviye 5,6,497
6,2,3,8,8,Evaluate (Değerlendirme) - Seviye 5,7,498
7,6,4,7,7,Analyze (Analiz) - Seviye 4,8,499
4,6,4,8,8,Analyze (Analiz) - Seviye 4,6,500
8,4,5,7,7,Analyze (Analiz) - Seviye 4,6,501
6,9,5,7,7,Analyze (Analiz) - Seviye 4,7,502
6,5,6,7,7,Analyze (Analiz) - Seviye 4,9,503
10,6,5,7,7,Analyze (Analiz) - Seviye 4,8,504
3,6,4,7,8,Analyze (Analiz) - Seviye 4,6,505
9,5,3,8,7,Analyze (Analiz) - Seviye 4,7,506
7,9,2,8,7,Analyze (Analiz) - Seviye 4,8,507
10,4,3,6,8,Analyze (Analiz) - Seviye 4,8,508
8,9,5,6,8,Analyze (Analiz) - Seviye 4,8,509
9,8,4,6,6,Analyze (Analiz) - Seviye 4,6,510
7,9,2,6,5,Create (Yaratma) - Seviye 6,6,511
10,4,5,5,6,Create (Yaratma) - Seviye 6,7,512
5,7,1,6,5,Create (Yaratma) - Seviye 6,7,513
8,7,4,5,7,Create (Yaratma) - Seviye 6,7,514
9,6,4,5,6,Create (Yaratma) - Seviye 6,5,515
10,5,3,5,6,Create (Yaratma) - Seviye 6,5,516
8,5,6,8,7,Evaluate (Değerlendirme) - Seviye 5,9,517
8,5,4,8,6,Evaluate (Değerlendirme) - Seviye 5,7,518
9,6,3,8,7,Evaluate (Değerlendirme) - Seviye 5,6,519
2,9,4,6,6,Evaluate (Değerlendirme) - Seviye 5,7,520
5,5,6,8,6,Evaluate (Değerlendirme) - Seviye 5,6,521
5,9,5,7,8,Evaluate (Değerlendirme) - Seviye 5,8,522
7,10,2,7,7,Analyze (Analiz) - Seviye 4,8,523
5,9,7,7,7,Analyze (Analiz) - Seviye 4,9,524
7,9,4,7,8,Analyze (Analiz) - Seviye 4,6,525
8,8,1,7,8,Analyze (Analiz) - Seviye 4,6,526
4,4,3,6,6,Analyze (Analiz) - Seviye 4,8,527
6,5,6,8,6,Analyze (Analiz) - Seviye 4,8,528
6,6,3,6,6,Analyze (Analiz) - Seviye 4,8,529
6,7,1,6,7,Analyze (Analiz) - Seviye 4,7,530
4,4,2,7,8,Analyze (Analiz) - Seviye 4,9,531
7,8,4,7,6,Analyze (Analiz) - Seviye 4,8,532
10,4,2,7,6,Analyze (Analiz) - Seviye 4,7,533
5,10,6,6,7,Analyze (Analiz) - Seviye 4,7,534
7,8,4,6,8,Apply (Uygulama) - Seviye 3,8,535
6,10,1,8,6,Apply (Uygulama) - Seviye 3,8,536
6,8,5,8,6,Apply (Uygulama) - Seviye 3,6,537
2,8,4,7,6,Apply (Uygulama) - Seviye 3,8,538
6,10,2,8,7,Apply (Uygulama) - Seviye 3,6,539
7,4,3,8,7,Apply (Uygulama) - Seviye 3,7,540
8,7,6,7,9,Analyze (Analiz) - Seviye 4,9,541
9,8,4,7,8,Analyze (Analiz) - Seviye 4,7,542
4,4,4,7,7,Analyze (Analiz) - Seviye 4,9,543
9,8,2,8,7,Analyze (Analiz) - Seviye 4,8,544
6,6,2,8,8,Analyze (Analiz) - Seviye 4,9,545
10,9,3,7,7,Analyze (Analiz) - Seviye 4,8,546
8,7,2,6,7,Analyze (Analiz) - Seviye 4,8,547
6,7,4,8,8,Analyze (Analiz) - Seviye 4,8,548
4,9,1,7,7,Analyze (Analiz) - Seviye 4,6,549
2,6,4,7,8,Analyze (Analiz) - Seviye 4,7,550
8,5,1,9,7,Analyze (Analiz) - Seviye 4,7,551
6,8,7,8,8,Analyze (Analiz) - Seviye 4,8,552
6,7,4,7,8,Understand (Anlama) - Seviye 2,6,553
6,8,3,7,6,Understand (Anlama) - Seviye 2,7,554
4,8,4,6,6,Understand (Anlama) - Seviye 2,8,555
3,8,1,6,6,Understand (Anlama) - Seviye 2,8,556
5,6,7,7,8,Understand (Anlama) - Seviye 2,8,557
10,7,2,7,8,Understand (Anlama) - Seviye 2,6,558
6,7,6,5,6,Create (Yaratma) - Seviye 6,7,559
7,8,6,6,6,Create (Yaratma) - Seviye 6,5,560
4,7,8,5,5,Create (Yaratma) - Seviye 6,5,561
7,7,2,5,6,Create (Yaratma) - Seviye 6,6,562
9,9,4,7,5,Create (Yaratma) - Seviye 6,5,563
8,6,6,5,5,Create (Yaratma) - Seviye 6,5,564
6,5,2,8,7,Apply (Uygulama) - Seviye 3,7,565
5,7,2,9,8,Apply (Uygulama) - Seviye 3,9,566
6,9,5,8,8,Apply (Uygulama) - Seviye 3,7,567
9,5,5,7,6,Apply (Uygulama) - Seviye 3,7,568
5,10,4,6,6,Apply (Uygulama) - Seviye 3,6,569
8,4,3,6,6,Apply (Uygulama) - Seviye 3,8,570
8,5,3,8,7,Apply (Uygulama) - Seviye 3,7,571
7,3,4,7,8,Apply (Uygulama) - Seviye 3,8,572
8,4,3,7,8,Apply (Uygulama) - Seviye 3,6,573
8,8,4,6,6,Apply (Uygulama) - Seviye 3,8,574
7,6,3,8,9,Apply (Uygulama) - Seviye 3,7,575
5,7,4,8,9,Apply (Uygulama) - Seviye 3,8,576
5,7,4,8,8,Apply (Uygulama) - Seviye 3,8,577
10,6,3,7,7,Apply (Uygulama) - Seviye 3,8,578
4,8,5,8,7,Apply (Uygulama) - Seviye 3,8,579
8,5,5,7,7,Apply (Uygulama) - Seviye 3,6,580
6,9,4,8,9,Apply (Uygulama) - Seviye 3,7,581
9,8,2,7,6,Apply (Uygulama) - Seviye 3,7,582
8,9,5,7,7,Apply (Uygulama) - Seviye 3,7,583
7,8,3,6,8,Apply (Uygulama) - Seviye 3,8,584
5,7,4,8,6,Apply (Uygulama) - Seviye 3,7,585
7,4,2,7,9,Apply (Uygulama) - Seviye 3,9,586
6,10,7,6,7,Apply (Uygulama) - Seviye 3,6,587
9,4,1,8,8,Apply (Uygulama) - Seviye 3,6,588
3,8,2,6,6,Understand (Anlama) - Seviye 2,7,589
6,6,3,8,7,Understand (Anlama) - Seviye 2,7,590
7,7,4,8,8,Understand (Anlama) - Seviye 2,9,591
7,9,1,8,8,Understand (Anlama) - Seviye 2,8,592
6,6,1,6,6,Understand (Anlama) - Seviye 2,6,593
7,7,4,8,7,Understand (Anlama) - Seviye 2,8,594
9,8,3,8,7,Evaluate (Değerlendirme) - Seviye 5,8,595
5,4,4,7,7,Evaluate (Değerlendirme) - Seviye 5,8,596
6,7,3,8,7,Evaluate (Değerlendirme) - Seviye 5,7,597
6,7,2,8,7,Evaluate (Değerlendirme) - Seviye 5,8,598
6,7,3,7,8,Evaluate (Değerlendirme) - Seviye 5,7,599
7,5,2,8,7,Evaluate (Değerlendirme) - Seviye 5,7,600
7,7,1,7,6,Understand (Anlama) - Seviye 2,6,601
7,5,4,8,6,Understand (Anlama) - Seviye 2,6,602
6,6,2,6,8,Understand (Anlama) - Seviye 2,7,603
7,6,6,7,6,Understand (Anlama) - Seviye 2,8,604
7,6,3,7,7,Understand (Anlama) - Seviye 2,6,605
6,9,4,8,8,Understand (Anlama) - Seviye 2,9,606
4,10,5,6,7,Understand (Anlama) - Seviye 2,6,607
4,6,4,8,7,Understand (Anlama) - Seviye 2,9,608
6,4,5,7,6,Understand (Anlama) - Seviye 2,6,609
5,7,3,9,8,Understand (Anlama) - Seviye 2,9,610
9,7,5,9,7,Understand (Anlama) - Seviye 2,8,611
4,5,6,8,7,Understand (Anlama) - Seviye 2,7,612
7,3,2,6,7,Apply (Uygulama) - Seviye 3,7,613
6,7,5,7,6,Apply (Uygulama) - Seviye 3,6,614
3,6,5,8,7,Apply (Uygulama) - Seviye 3,7,615
7,6,3,8,9,Apply (Uygulama) - Seviye 3,8,616
6,9,1,8,6,Apply (Uygulama) - Seviye 3,8,617
7,9,2,7,7,Apply (Uygulama) - Seviye 3,7,618
6,10,4,7,8,Analyze (Analiz) - Seviye 4,6,619
6,9,4,6,7,Analyze (Analiz) - Seviye 4,6,620
9,8,5,8,7,Analyze (Analiz) - Seviye 4,8,621
4,6,2,6,8,Analyze (Analiz) - Seviye 4,8,622
3,6,5,7,9,Analyze (Analiz) - Seviye 4,9,623
4,8,2,6,6,Analyze (Analiz) - Seviye 4,7,624
6,9,4,7,7,Apply (Uygulama) - Seviye 3,8,625
8,6,4,7,6,Apply (Uygulama) - Seviye 3,6,626
9,6,2,7,9,Apply (Uygulama) - Seviye 3,7,627
7,8,6,7,6,Apply (Uygulama) - Seviye 3,8,628
9,10,2,8,9,Apply (Uygulama) - Seviye 3,8,629
6,10,2,7,8,Apply (Uygulama) - Seviye 3,7,630
7,3,3,9,7,Analyze (Analiz) - Seviye 4,7,631
7,7,4,8,8,Analyze (Analiz) - Seviye 4,8,632
6,6,5,6,8,Analyze (Analiz) - Seviye 4,8,633
7,7,3,6,8,Analyze (Analiz) - Seviye 4,6,634
6,10,1,8,8,Analyze (Analiz) - Seviye 4,8,635
6,5,3,6,7,Analyze (Analiz) - Seviye 4,6,636
2,5,5,8,6,Analyze (Analiz) - Seviye 4,8,637
5,7,5,7,9,Analyze (Analiz) - Seviye 4,8,638
6,8,8,6,8,Analyze (Analiz) - Seviye 4,8,639
7,8,4,8,7,Analyze (Analiz) - Seviye 4,8,640
7,9,3,6,7,Analyze (Analiz) - Seviye 4,8,641
7,5,3,6,6,Analyze (Analiz) - Seviye 4,7,642
5,4,3,8,8,Evaluate (Değerlendirme) - Seviye 5,6,643
3,6,3,7,6,Evaluate (Değerlendirme) - Seviye 5,6,644
3,9,3,7,7,Evaluate (Değerlendirme) - Seviye 5,8,645
6,5,6,8,8,Evaluate (Değerlendirme) - Seviye 5,7,646
5,8,3,6,6,Evaluate (Değerlendirme) - Seviye 5,8,647
5,9,5,8,7,Evaluate (Değerlendirme) - Seviye 5,6,648
7,9,2,6,6,Apply (Uygulama) - Seviye 3,8,649
6,6,1,8,8,Apply (Uygulama) - Seviye 3,7,650
6,9,4,7,8,Apply (Uygulama) - Seviye 3,7,651
10,5,6,8,6,Apply (Uygulama) - Seviye 3,7,652
9,7,3,6,6,Apply (Uygulama) - Seviye 3,8,653
7,8,6,7,6,Apply (Uygulama) - Seviye 3,7,654
6,6,4,7,8,Understand (Anlama) - Seviye 2,7,655
5,9,3,6,6,Understand (Anlama) - Seviye 2,8,656
7,7,4,6,7,Understand (Anlama) - Seviye 2,7,657
8,6,3,7,7,Understand (Anlama) - Seviye 2,8,658
6,6,2,8,8,Understand (Anlama) - Seviye 2,6,659
7,10,3,8,6,Understand (Anlama) - Seviye 2,8,660
7,10,3,7,7,Create (Yaratma) - Seviye 6,7,661
7,9,1,7,6,Create (Yaratma) - Seviye 6,6,662
4,1,5,6,7,Create (Yaratma) - Seviye 6,5,663
5,7,3,5,7,Create (Yaratma) - Seviye 6,5,664
5,6,3,6,7,Create (Yaratma) - Seviye 6,6,665
8,10,3,7,6,Create (Yaratma) - Seviye 6,8,666
9,4,5,8,7,Analyze (Analiz) - Seviye 4,7,667
7,4,6,7,6,Analyze (Analiz) - Seviye 4,7,668
5,9,3,7,6,Analyze (Analiz) - Seviye 4,6,669
8,6,5,8,6,Analyze (Analiz) - Seviye 4,7,670
10,8,4,7,9,Analyze (Analiz) - Seviye 4,9,671
5,7,5,8,9,Analyze (Analiz) - Seviye 4,9,672
6,8,3,7,8,Apply (Uygulama) - Seviye 3,8,673
3,5,5,8,9,Apply (Uygulama) - Seviye 3,7,674
5,3,4,7,8,Apply (Uygulama) - Seviye 3,7,675
7,10,1,6,7,Apply (Uygulama) - Seviye 3,6,676
7,6,4,6,6,Apply (Uygulama) - Seviye 3,6,677
6,4,3,8,8,Apply (Uygulama) - Seviye 3,6,678
5,6,2,7,9,Analyze (Analiz) - Seviye 4,9,679
4,6,5,8,9,Analyze (Analiz) - Seviye 4,7,680
4,8,4,8,8,Analyze (Analiz) - Seviye 4,7,681
9,7,3,7,7,Analyze (Analiz) - Seviye 4,6,682
5,5,5,7,8,Analyze (Analiz) - Seviye 4,7,683
6,8,2,8,8,Analyze (Analiz) - Seviye 4,7,684
7,3,3,6,8,Understand (Anlama) - Seviye 2,8,685
8,6,4,6,8,Understand (Anlama) - Seviye 2,7,686
6,3,4,7,8,Understand (Anlama) - Seviye 2,8,687
8,7,3,8,8,Understand (Anlama) - Seviye 2,7,688
5,7,6,7,6,Understand (Anlama) - Seviye 2,7,689
7,6,4,7,6,Understand (Anlama) - Seviye 2,7,690
8,3,7,7,6,Understand (Anlama) - Seviye 2,6,691
7,6,4,8,6,Understand (Anlama) - Seviye 2,8,692
4,7,5,7,6,Understand (Anlama) - Seviye 2,7,693
6,8,2,6,7,Understand (Anlama) - Seviye 2,6,694
8,8,5,6,6,Understand (Anlama) - Seviye 2,8,695
8,7,3,6,7,Understand (Anlama) - Seviye 2,7,696
2,7,5,8,9,Apply (Uygulama) - Seviye 3,8,697
3,9,2,6,6,Apply (Uygulama) - Seviye 3,6,698
5,7,2,8,7,Apply (Uygulama) - Seviye 3,7,699
3,7,3,6,7,Apply (Uygulama) - Seviye 3,7,700
6,6,5,8,8,Apply (Uygulama) - Seviye 3,9,701
8,3,2,7,7,Apply (Uygulama) - Seviye 3,8,702
6,9,4,8,7,Analyze (Analiz) - Seviye 4,6,703
4,4,5,8,7,Analyze (Analiz) - Seviye 4,7,704
9,6,2,9,9,Analyze (Analiz) - Seviye 4,7,705
7,7,6,6,6,Analyze (Analiz) - Seviye 4,7,706
7,6,5,8,8,Analyze (Analiz) - Seviye 4,8,707
7,5,5,8,9,Analyze (Analiz) - Seviye 4,7,708
7,8,2,6,7,Apply (Uygulama) - Seviye 3,6,709
9,5,5,6,8,Apply (Uygulama) - Seviye 3,8,710
4,4,4,7,7,Apply (Uygulama) - Seviye 3,6,711
7,8,4,6,6,Apply (Uygulama) - Seviye 3,7,712
5,6,2,6,6,Apply (Uygulama) - Seviye 3,8,713
5,6,5,6,7,Apply (Uygulama) - Seviye 3,7,714
8,7,3,8,8,Apply (Uygulama) - Seviye 3,8,715
5,8,3,7,7,Apply (Uygulama) - Seviye 3,7,716
8,5,7,7,7,Apply (Uygulama) - Seviye 3,7,717
8,7,4,7,7,Apply (Uygulama) - Seviye 3,8,718
8,8,2,7,8,Apply (Uygulama) - Seviye 3,7,719
7,6,5,8,8,Apply (Uygulama) - Seviye 3,8,720
6,8,2,7,8,Evaluate (Değerlendirme) - Seviye 5,7,721
6,8,3,6,6,Evaluate (Değerlendirme) - Seviye 5,8,722
10,6,5,6,7,Evaluate (Değerlendirme) - Seviye 5,6,723
8,6,6,9,8,Evaluate (Değerlendirme) - Seviye 5,8,724
5,6,4,7,7,Evaluate (Değerlendirme) - Seviye 5,7,725
7,6,6,8,6,Evaluate (Değerlendirme) - Seviye 5,6,726
9,5,3,5,6,Create (Yaratma) - Seviye 6,7,727
5,7,1,6,6,Create (Yaratma) - Seviye 6,7,728
6,9,1,7,7,Create (Yaratma) - Seviye 6,7,729
10,5,5,5,6,Create (Yaratma) - Seviye 6,5,730
5,9,4,8,8,Create (Yaratma) - Seviye 6,8,731
8,6,1,6,7,Create (Yaratma) - Seviye 6,5,732
7,6,6,9,9,Apply (Uygulama) - Seviye 3,9,733
7,4,3,7,6,Apply (Uygulama) - Seviye 3,6,734
8,8,7,6,8,Apply (Uygulama) - Seviye 3,7,735
5,9,3,7,8,Apply (Uygulama) - Seviye 3,7,736
6,6,6,8,7,Apply (Uygulama) - Seviye 3,9,737
4,8,2,7,7,Apply (Uygulama) - Seviye 3,6,738
7,6,3,7,9,Analyze (Analiz) - Seviye 4,7,739
8,5,2,7,7,Analyze (Analiz) - Seviye 4,7,740
7,9,5,7,8,Analyze (Analiz) - Seviye 4,7,741
9,7,3,7,6,Analyze (Analiz) - Seviye 4,6,742
8,8,3,9,8,Analyze (Analiz) - Seviye 4,8,743
7,6,5,7,7,Analyze (Analiz) - Seviye 4,6,744
9,8,4,7,8,Apply (Uygulama) - Seviye 3,7,745
6,7,1,7,7,Apply (Uygulama) - Seviye 3,8,746
7,5,4,9,8,Apply (Uygulama) - Seviye 3,7,747
8,5,4,7,7,Apply (Uygulama) - Seviye 3,7,748
7,7,4,8,9,Apply (Uygulama) - Seviye 3,7,749
5,5,4,8,8,Apply (Uygulama) - Seviye 3,8,750
7,4,6,8,8,Evaluate (Değerlendirme) - Seviye 5,8,751
8,8,4,6,7,Evaluate (Değerlendirme) - Seviye 5,8,752
6,9,5,7,7,Evaluate (Değerlendirme) - Seviye 5,6,753
7,3,5,8,6,Evaluate (Değerlendirme) - Seviye 5,8,754
1,7,4,8,7,Evaluate (Değerlendirme) - Seviye 5,8,755
6,8,3,6,8,Evaluate (Değerlendirme) - Seviye 5,8,756
7,7,2,7,5,Create (Yaratma) - Seviye 6,5,757
8,8,4,6,5,Create (Yaratma) - Seviye 6,6,758
4,5,5,6,7,Create (Yaratma) - Seviye 6,7,759
3,8,2,5,7,Create (Yaratma) - Seviye 6,7,760
5,8,3,7,6,Create (Yaratma) - Seviye 6,5,761
7,7,4,6,6,Create (Yaratma) - Seviye 6,6,762
5,8,5,8,7,Understand (Anlama) - Seviye 2,6,763
5,9,3,9,9,Understand (Anlama) - Seviye 2,9,764
6,9,5,8,8,Understand (Anlama) - Seviye 2,7,765
7,2,8,7,7,Understand (Anlama) - Seviye 2,6,766
10,8,5,8,7,Understand (Anlama) - Seviye 2,8,767
5,6,2,8,8,Understand (Anlama) - Seviye 2,8,768
6,10,6,7,6,Evaluate (Değerlendirme) - Seviye 5,6,769
5,4,4,9,7,Evaluate (Değerlendirme) - Seviye 5,8,770
9,5,4,8,6,Evaluate (Değerlendirme) - Seviye 5,7,771
9,7,5,7,7,Evaluate (Değerlendirme) - Seviye 5,6,772
6,5,4,6,6,Evaluate (Değerlendirme) - Seviye 5,6,773
8,6,2,8,8,Evaluate (Değerlendirme) - Seviye 5,7,774
5,7,2,6,8,Understand (Anlama) - Seviye 2,8,775
7,5,4,8,8,Understand (Anlama) - Seviye 2,8,776
9,10,4,6,6,Understand (Anlama) - Seviye 2,7,777
6,6,4,8,9,Understand (Anlama) - Seviye 2,8,778
3,10,5,6,8,Understand (Anlama) - Seviye 2,7,779
9,9,1,6,8,Understand (Anlama) - Seviye 2,6,780
8,5,2,8,7,Analyze (Analiz) - Seviye 4,9,781
9,8,5,6,7,Analyze (Analiz) - Seviye 4,6,782
8,7,5,6,6,Analyze (Analiz) - Seviye 4,7,783
7,6,3,8,7,Analyze (Analiz) - Seviye 4,8,784
9,10,4,8,7,Analyze (Analiz) - Seviye 4,9,785
4,9,4,7,8,Analyze (Analiz) - Seviye 4,8,786
6,8,6,7,6,Understand (Anlama) - Seviye 2,7,787
10,3,5,6,8,Understand (Anlama) - Seviye 2,7,788
7,8,9,8,9,Understand (Anlama) - Seviye 2,8,789
6,4,3,8,6,Understand (Anlama) - Seviye 2,6,790
7,5,3,7,7,Understand (Anlama) - Seviye 2,6,791
6,7,3,7,7,Understand (Anlama) - Seviye 2,8,792
5,6,1,7,8,Understand (Anlama) - Seviye 2,7,793
6,9,4,8,6,Understand (Anlama) - Seviye 2,8,794
8,8,8,6,6,Understand (Anlama) - Seviye 2,8,795
7,8,1,9,7,Understand (Anlama) - Seviye 2,9,796
8,3,4,6,7,Understand (Anlama) - Seviye 2,6,797
7,7,3,6,6,Understand (Anlama) - Seviye 2,6,798
6,6,5,8,6,Analyze (Analiz) - Seviye 4,6,799
6,7,6,6,7,Analyze (Analiz) - Seviye 4,7,800
6,8,1,8,7,Analyze (Analiz) - Seviye 4,7,801
8,7,6,8,8,Analyze (Analiz) - Seviye 4,7,802
5,9,7,7,8,Analyze (Analiz) - Seviye 4,7,803
5,4,3,8,6,Analyze (Analiz) - Seviye 4,7,804
5,5,4,7,7,Apply (Uygulama) - Seviye 3,7,805
7,8,4,6,7,Apply (Uygulama) - Seviye 3,6,806
7,6,8,6,6,Apply (Uygulama) - Seviye 3,8,807
7,10,3,8,8,Apply (Uygulama) - Seviye 3,6,808
6,6,4,6,6,Apply (Uygulama) - Seviye 3,8,809
7,7,4,7,6,Apply (Uygulama) - Seviye 3,8,810
7,8,5,6,8,Evaluate (Değerlendirme) - Seviye 5,6,811
8,9,3,7,9,Evaluate (Değerlendirme) - Seviye 5,9,812
6,8,4,7,7,Evaluate (Değerlendirme) - Seviye 5,8,813
6,5,4,8,7,Evaluate (Değerlendirme) - Seviye 5,6,814
5,7,1,8,7,Evaluate (Değerlendirme) - Seviye 5,7,815
8,6,3,8,8,Evaluate (Değerlendirme) - Seviye 5,8,816
5,8,7,6,6,Analyze (Analiz) - Seviye 4,7,817
7,7,3,7,7,Analyze (Analiz) - Seviye 4,6,818
3,6,4,6,7,Analyze (Analiz) - Seviye 4,7,819
7,8,3,7,6,Analyze (Analiz) - Seviye 4,7,820
6,5,5,9,8,Analyze (Analiz) - Seviye 4,9,821
8,10,5,7,6,Analyze (Analiz) - Seviye 4,7,822
5,6,4,8,6,Analyze (Analiz) - Seviye 4,8,823
6,6,2,8,9,Analyze (Analiz) - Seviye 4,8,824
5,10,2,7,6,Analyze (Analiz) - Seviye 4,6,825
8,10,5,8,6,Analyze (Analiz) - Seviye 4,7,826
10,4,6,8,6,Analyze (Analiz) - Seviye 4,7,827
5,8,5,6,7,Analyze (Analiz) - Seviye 4,8,828
7,5,3,6,6,Understand (Anlama) - Seviye 2,7,829
5,6,3,8,8,Understand (Anlama) - Seviye 2,7,830
5,7,4,8,6,Understand (Anlama) - Seviye 2,8,831
6,4,5,8,8,Understand (Anlama) - Seviye 2,7,832
8,6,5,8,7,Understand (Anlama) - Seviye 2,7,833
7,6,5,7,8,Understand (Anlama) - Seviye 2,8,834
9,6,5,9,8,Analyze (Analiz) - Seviye 4,9,835
5,9,3,7,7,Analyze (Analiz) - Seviye 4,7,836
7,6,3,6,6,Analyze (Analiz) - Seviye 4,6,837
8,7,2,8,7,Analyze (Analiz) - Seviye 4,7,838
9,5,4,8,8,Analyze (Analiz) - Seviye 4,6,839
6,6,5,7,7,Analyze (Analiz) - Seviye 4,6,840
7,6,4,8,6,Apply (Uygulama) - Seviye 3,6,841
6,7,6,8,7,Apply (Uygulama) - Seviye 3,7,842
5,6,5,6,6,Apply (Uygulama) - Seviye 3,6,843
6,6,6,7,6,Apply (Uygulama) - Seviye 3,6,844
7,8,4,7,8,Apply (Uygulama) - Seviye 3,8,845
8,4,2,7,8,Apply (Uygulama) - Seviye 3,6,846
5,6,1,7,6,Understand (Anlama) - Seviye 2,7,847
9,5,2,8,7,Understand (Anlama) - Seviye 2,8,848
8,10,1,8,8,Understand (Anlama) - Seviye 2,7,849
6,5,6,8,7,Understand (Anlama) - Seviye 2,7,850
4,4,1,8,8,Understand (Anlama) - Seviye 2,8,851
7,4,5,8,7,Understand (Anlama) - Seviye 2,8,852
6,8,4,9,9,Analyze (Analiz) - Seviye 4,9,853
9,6,5,6,7,Analyze (Analiz) - Seviye 4,8,854
8,6,5,8,6,Analyze (Analiz) - Seviye 4,6,855
5,7,2,8,7,Analyze (Analiz) - Seviye 4,7,856
8,9,4,6,6,Analyze (Analiz) - Seviye 4,8,857
6,7,3,6,8,Analyze (Analiz) - Seviye 4,6,858
6,6,3,7,7,Apply (Uygulama) - Seviye 3,8,859
6,4,7,6,8,Apply (Uygulama) - Seviye 3,6,860
7,10,2,7,6,Apply (Uygulama) - Seviye 3,8,861
6,5,3,8,8,Apply (Uygulama) - Seviye 3,8,862
5,3,4,7,7,Apply (Uygulama) - Seviye 3,8,863
7,10,4,8,7,Apply (Uygulama) - Seviye 3,8,864
7,6,5,9,8,Apply (Uygulama) - Seviye 3,7,865
7,3,5,8,7,Apply (Uygulama) - Seviye 3,8,866
6,6,5,8,8,Apply (Uygulama) - Seviye 3,7,867
4,7,3,7,6,Apply (Uygulama) - Seviye 3,7,868
8,7,1,6,8,Apply (Uygulama) - Seviye 3,7,869
2,6,3,9,8,Apply (Uygulama) - Seviye 3,7,870
4,8,5,6,6,Evaluate (Değerlendirme) - Seviye 5,7,871
5,8,3,7,7,Evaluate (Değerlendirme) - Seviye 5,9,872
7,6,4,9,7,Evaluate (Değerlendirme) - Seviye 5,8,873
7,7,8,7,8,Evaluate (Değerlendirme) - Seviye 5,8,874
8,10,6,7,6,Evaluate (Değerlendirme) - Seviye 5,7,875
4,10,4,7,7,Evaluate (Değerlendirme) - Seviye 5,6,876
8,7,1,9,8,Understand (Anlama) - Seviye 2,7,877
8,5,4,8,8,Understand (Anlama) - Seviye 2,7,878
8,9,5,8,9,Understand (Anlama) - Seviye 2,9,879
6,6,3,8,7,Understand (Anlama) - Seviye 2,7,880
7,4,4,7,8,Understand (Anlama) - Seviye 2,8,881
7,9,3,6,8,Understand (Anlama) - Seviye 2,6,882
6,5,4,9,7,Understand (Anlama) - Seviye 2,8,883
6,7,4,6,6,Understand (Anlama) - Seviye 2,8,884
8,8,4,6,7,Understand (Anlama) - Seviye 2,6,885
7,8,7,8,8,Understand (Anlama) - Seviye 2,8,886
2,6,3,8,8,Understand (Anlama) - Seviye 2,7,887
4,5,4,7,7,Understand (Anlama) - Seviye 2,9,888
7,5,5,5,6,Create (Yaratma) - Seviye 6,5,889
8,10,2,8,7,Create (Yaratma) - Seviye 6,6,890
6,2,6,7,7,Create (Yaratma) - Seviye 6,6,891
9,9,5,7,6,Create (Yaratma) - Seviye 6,7,892
9,5,2,8,7,Create (Yaratma) - Seviye 6,8,893
5,7,2,7,6,Create (Yaratma) - Seviye 6,7,894
8,4,6,9,8,Understand (Anlama) - Seviye 2,9,895
10,4,4,6,7,Understand (Anlama) - Seviye 2,7,896
6,5,3,7,6,Understand (Anlama) - Seviye 2,6,897
4,9,3,6,6,Understand (Anlama) - Seviye 2,8,898
4,7,2,8,7,Understand (Anlama) - Seviye 2,7,899
5,7,5,6,6,Understand (Anlama) - Seviye 2,6,900
